Industry,Pre_Emp_Direct,Pre_Emp_Indirect,Pre_Emp_Induced,Pre_Emp_Total,Post_Emp_Direct,Post_Emp_Indirect,Post_Emp_Induced,Post_Emp_Total,Change_Employment,PctChange_Employment
399 - Truck transportation,2429609.85,109815.17,20942.07,2560367.09,2360525.55,112016.53,20697.07,2493239.14,-67127.94999999972,-2.6218095937172716
472 - Hospitals,0.0,0.0,87951.66,87951.66,0.0,0.0,86925.63,86925.63,-1026.0299999999988,-1.1665840076241867
492 - Limited-service restaurants,0.0,4217.72,85495.86,89713.58,0.0,4302.27,84488.63,88790.9,-922.6800000000076,-1.0284730583708817
491 - Full-service restaurants,0.0,10984.04,86225.07,97209.11,0.0,11204.23,85232.11,96436.34,-772.7700000000041,-0.7949563574854293
465 - Offices of physicians,0.0,0.0,61645.49,61645.49,0.0,0.0,60925.78,60925.78,-719.7099999999991,-1.1674982224977029
475 - Individual and family services,0.0,0.0,61012.41,61012.41,0.0,0.0,60323.15,60323.15,-689.260000000002,-1.1297045961633083
503 - Religious organizations,0.0,0.0,46722.35,46722.35,0.0,0.0,46193.05,46193.05,-529.2999999999956,-1.1328625379502437
389 - Retail - Food and beverage stores,0.0,3063.75,47771.64,50835.38,0.0,3125.16,47211.39,50336.55,-498.82999999999447,-0.9812654100352834
394 - Retail - General merchandise stores,0.0,8453.42,48128.75,56582.17,0.0,8622.88,47564.35,56187.23,-394.93999999999505,-0.6979937319477055
424 - Other financial investment activities,0.0,3849.56,42974.38,46823.94,0.0,3926.73,42503.0,46429.72,-394.22000000000116,-0.8419197530152335
473 - Nursing and community care facilities,0.0,0.0,32231.04,32231.04,0.0,0.0,31838.39,31838.39,-392.65000000000146,-1.2182355890470846
499 - Personal care services,0.0,0.0,33270.91,33270.91,0.0,0.0,32884.22,32884.22,-386.6900000000023,-1.1622465390937677
470 - Home health care services,0.0,0.0,30681.11,30681.11,0.0,0.0,30322.78,30322.78,-358.33000000000175,-1.1679173276325456
395 - Retail - Miscellaneous store retailers,0.0,649.4,29225.46,29874.86,0.0,662.42,28882.79,29545.22,-329.6399999999994,-1.1034026602969835
390 - Retail - Health and personal care stores,0.0,118.8,23426.34,23545.15,0.0,121.18,23151.6,23272.78,-272.3700000000026,-1.1567987462386207
392 - Retail - Clothing and clothing accessories stores,0.0,103.2,22437.36,22540.56,0.0,105.27,22174.21,22279.48,-261.08000000000175,-1.1582675851886632
430 - Tenant-occupied housing,0.0,0.0,21505.54,21505.54,0.0,0.0,21247.05,21247.05,-258.4900000000016,-1.201969353013231
468 - Outpatient care centers,0.0,0.0,21497.11,21497.11,0.0,0.0,21247.55,21247.55,-249.5600000000013,-1.160900232635928
"463 - Junior colleges, colleges, universities, and professional schools",0.0,281.59,22774.09,23055.68,0.0,287.23,22522.54,22809.77,-245.90999999999985,-1.066591833335646
467 - Offices of other health practitioners,0.0,0.0,20926.3,20926.3,0.0,0.0,20685.03,20685.03,-241.27000000000044,-1.1529510711401463
502 - Other personal services,0.0,583.19,21218.44,21801.63,0.0,594.88,20971.79,21566.67,-234.96000000000276,-1.0777175835017967
476 - Child day care services,0.0,0.0,20287.05,20287.05,0.0,0.0,20056.07,20056.07,-230.97999999999956,-1.1385588343302726
466 - Offices of dentists,0.0,0.0,18917.59,18917.59,0.0,0.0,18694.73,18694.74,-222.84999999999854,-1.1780041749503956
462 - Elementary and secondary schools,0.0,0.0,19533.85,19533.85,0.0,0.0,19316.44,19316.44,-217.40999999999985,-1.1129910386329367
464 - Other educational services,0.0,378.03,19149.16,19527.19,0.0,385.6,18933.52,19319.12,-208.0699999999997,-1.065539895909241
"489 - Hotels and motels, including casino hotels",0.0,4088.67,25479.24,29567.91,0.0,4170.63,25192.86,29363.5,-204.40999999999985,-0.6913238034071392
"428 - Funds, trusts, and other financial vehicles",0.0,413.16,17149.65,17562.81,0.0,421.44,16950.41,17371.85,-190.96000000000276,-1.087297533822906
400 - Transit and ground passenger transportation,0.0,4200.08,22363.42,26563.5,0.0,4284.27,22103.22,26387.5,-176.0,-0.6625632917348994
493 - All other food and drinking places,0.0,17435.79,44773.25,62209.05,0.0,17785.31,44257.01,62042.32,-166.7300000000032,-0.26801566653083947
"474 - Residential mental health, substance abuse, and other residential care facilities",0.0,0.0,12384.72,12384.72,0.0,0.0,12234.49,12234.49,-150.22999999999956,-1.2130270203928677
"393 - Retail - Sporting goods, hobby, musical instrument and book stores",0.0,347.13,13258.65,13605.77,0.0,354.08,13103.19,13457.27,-148.5,-1.0914487015435363
486 - Other amusement and recreation industries,0.0,325.15,12896.89,13222.04,0.0,331.67,12752.28,13083.94,-138.10000000000036,-1.044468175863939
385 - Retail - Motor vehicle and parts dealers,0.0,9944.16,28707.96,38652.12,0.0,10143.5,28371.36,38514.86,-137.26000000000204,-0.3551163558428413
"477 - Community food, housing, and other relief services, including rehabilitation services",0.0,0.0,11994.35,11994.35,0.0,0.0,11858.81,11858.81,-135.54000000000087,-1.1300320567600652
381 - Wholesale - Grocery and related product wholesalers,0.0,516.47,11706.38,12222.85,0.0,526.82,11568.63,12095.45,-127.39999999999964,-1.0423100995267032
422 - Securities and commodity contracts intermediation and brokerage,0.0,12230.72,33059.97,45290.69,0.0,12475.9,32692.12,45168.02,-122.67000000000553,-0.27085036681932984
507 - Private households,0.0,0.0,10314.55,10314.55,0.0,0.0,10200.08,10200.08,-114.46999999999935,-1.1097915081123206
487 - Fitness and recreational sports centers,0.0,202.21,10394.09,10596.3,0.0,206.26,10277.56,10483.82,-112.47999999999956,-1.0615025999641343
506 - Labor and civic organizations,0.0,0.14,9271.63,9271.77,0.0,0.14,9164.56,9164.7,-107.06999999999971,-1.154795686260549
386 - Retail - Furniture and home furnishings stores,0.0,223.45,8993.98,9217.43,0.0,227.93,8888.52,9116.46,-100.97000000000116,-1.0954246465663549
479 - Commercial Sports Except Racing,0.0,2183.43,12328.88,14512.3,0.0,2227.2,12186.99,14414.18,-98.11999999999898,-0.6761161221860008
383 - Wholesale - Other nondurable goods merchant wholesalers,0.0,2578.02,12728.43,15306.45,0.0,2629.7,12578.72,15208.42,-98.03000000000065,-0.6404489610589043
387 - Retail - Electronics and appliance stores,0.0,173.45,8458.82,8632.27,0.0,176.93,8359.64,8536.56,-95.71000000000095,-1.108746598519288
388 - Retail - Building material and garden equipment and supplies stores,0.0,2758.46,12747.55,15506.01,0.0,2813.76,12598.43,15412.19,-93.81999999999971,-0.6050557171058171
56 - Maintenance and repair construction of residential structures,0.0,732.81,9319.04,10051.85,0.0,747.5,9211.56,9959.06,-92.79000000000087,-0.9231136556952289
"11 - Beef cattle ranching and farming, including feedlots and dual-purpose ranching and farming",0.0,111.08,7680.42,7791.5,0.0,113.31,7589.26,7702.57,-88.93000000000029,-1.141372007957393
"504 - Grantmaking, giving, and social advocacy organizations",0.0,3.18,7846.05,7849.23,0.0,3.24,7757.2,7760.44,-88.78999999999996,-1.1311937604070712
449 - Veterinary services,0.0,6.66,7381.96,7388.62,0.0,6.8,7294.59,7301.39,-87.22999999999956,-1.1805993541419042
410 - Software publishers,0.0,1400.89,9579.86,10980.76,0.0,1428.98,9468.19,10897.17,-83.59000000000015,-0.7612405698694821
485 - Gambling industries (except casino hotels),0.0,7.67,6873.21,6880.88,0.0,7.83,6789.71,6797.54,-83.34000000000015,-1.211182290637246
471 - Other ambulatory health care services,0.0,9.52,6850.59,6860.11,0.0,9.72,6771.14,6780.86,-79.25,-1.1552292893262646
469 - Medical and diagnostic laboratories,0.0,0.55,6251.61,6252.16,0.0,0.56,6179.81,6180.36,-71.80000000000018,-1.1484031118845355
500 - Death care services,0.0,0.0,5724.02,5724.02,0.0,0.0,5654.79,5654.79,-69.23000000000047,-1.20946467692287
501 - Dry-cleaning and laundry services,0.0,3027.64,11031.18,14058.83,0.0,3088.33,10901.85,13990.19,-68.63999999999942,-0.48823408491317855
482 - Promoters of performing arts and sports and agents for public figures,0.0,1494.29,8180.61,9674.9,0.0,1524.25,8087.11,9611.36,-63.539999999999054,-0.656750974170266
"88 - Bread and bakery product, except frozen, manufacturing",0.0,77.87,5475.12,5552.98,0.0,79.43,5410.34,5489.76,-63.219999999999345,-1.1384878029454337
376 - Wholesale - Professional and commercial equipment and supplies,0.0,1779.61,8354.74,10134.36,0.0,1815.29,8256.81,10072.09,-62.27000000000044,-0.6144443260353928
19 - Support activities for agriculture and forestry,0.0,478.99,6030.58,6509.57,0.0,488.59,5959.37,6447.97,-61.599999999999454,-0.9462990643007059
437 - Legal services,0.0,8039.1,18915.99,26955.08,0.0,8200.25,18697.27,26897.52,-57.56000000000131,-0.21354045322811618
478 - Performing arts companies,0.0,528.63,5793.64,6322.27,0.0,539.23,5727.89,6267.12,-55.150000000000546,-0.8723132672283933
425 - Direct life insurance carriers,0.0,51.83,4708.35,4760.18,0.0,52.87,4655.03,4707.89,-52.289999999999964,-1.0984878723073488
495 - Car washes,0.0,310.96,4763.35,5074.31,0.0,317.2,4707.5,5024.7,-49.61000000000058,-0.9776698703863299
446 - Scientific research and development services,0.0,2199.63,8065.84,10265.47,0.0,2243.72,7973.61,10217.34,-48.1299999999992,-0.4688533501145023
"14 - Animal production, except cattle and poultry and eggs",0.0,96.72,4021.43,4118.15,0.0,98.66,3973.93,4072.59,-45.55999999999949,-1.1063220135254785
83 - Poultry processing,0.0,55.33,3345.54,3400.87,0.0,56.44,3305.96,3362.4,-38.4699999999998,-1.1311811389438526
484 - Amusement parks and arcades,0.0,49.35,3103.96,3153.31,0.0,50.34,3067.1,3117.44,-35.86999999999989,-1.1375348443381683
411 - Motion picture and video industries,0.0,841.7,4477.17,5318.87,0.0,858.58,4425.01,5283.58,-35.289999999999964,-0.6634867932474372
"483 - Museums, historical sites, zoos, and parks",0.0,0.18,2719.14,2719.32,0.0,0.18,2687.77,2687.95,-31.370000000000346,-1.1535972228351332
380 - Wholesale - Drugs and druggistsâ€™ sundries,0.0,464.47,3355.09,3819.57,0.0,473.78,3315.57,3789.36,-30.210000000000036,-0.7909267273541273
164 - Pharmaceutical preparation manufacturing,0.0,3.95,2503.25,2507.19,0.0,4.03,2473.34,2477.36,-29.829999999999927,-1.1897781979028286
10 - All other crop farming,0.0,673.24,3620.62,4293.86,0.0,686.74,3577.9,4264.64,-29.219999999999345,-0.6805065838196716
4 - Fruit farming,0.0,50.9,2348.91,2399.81,0.0,51.92,2321.29,2373.21,-26.59999999999991,-1.1084210833357604
"6 - Greenhouse, nursery, and floriculture production",0.0,251.78,2619.34,2871.11,0.0,256.83,2588.74,2845.57,-25.539999999999964,-0.8895514278449784
415 - Wired telecommunications carriers,0.0,2099.66,5615.02,7714.68,0.0,2141.75,5548.3,7690.05,-24.63000000000011,-0.3192614599698252
12 - Dairy cattle and milk production,0.0,42.14,1994.36,2036.5,0.0,42.98,1970.8,2013.78,-22.720000000000027,-1.1156395777068513
85 - Meat processed from carcasses,0.0,3.97,1908.53,1912.5,0.0,4.05,1885.75,1889.8,-22.700000000000045,-1.1869281045751658
514 - Local government passenger transit,0.0,562.74,2911.44,3474.18,0.0,574.02,2877.56,3451.59,-22.58999999999969,-0.6502253769234666
3 - Vegetable and melon farming,0.0,8.31,1915.46,1923.77,0.0,8.47,1892.77,1901.25,-22.519999999999982,-1.1706181092334313
"84 - Animal, except poultry, slaughtering",0.0,30.63,1765.18,1795.82,0.0,31.25,1744.26,1775.51,-20.309999999999945,-1.130959673018451
"418 - Data processing, hosting, and related services",0.0,5746.8,11614.1,17360.9,0.0,5862.0,11478.76,17340.76,-20.140000000003056,-0.11600781065499516
2 - Grain farming,0.0,205.32,2023.93,2229.25,0.0,209.44,2000.0,2209.44,-19.809999999999945,-0.8886396770214173
490 - Other accommodations,0.0,47.81,1804.6,1852.41,0.0,48.76,1784.44,1833.21,-19.200000000000045,-1.0364876026365677
98 - All other food manufacturing,0.0,10.11,1542.36,1552.48,0.0,10.32,1524.13,1534.45,-18.029999999999973,-1.1613676182623913
101 - Breweries,0.0,36.19,1578.12,1614.31,0.0,36.91,1559.37,1596.29,-18.019999999999982,-1.1162663924525018
99 - Bottled and canned soft drinks and water,0.0,14.6,1526.68,1541.28,0.0,14.9,1508.49,1523.38,-17.899999999999864,-1.1613723658257982
456 - Travel arrangement and reservation services,0.0,1502.83,3882.43,5385.26,0.0,1532.95,3836.8,5369.75,-15.510000000000218,-0.2880083784255582
505 - Business and professional associations,0.0,1155.51,3211.59,4367.1,0.0,1178.67,3174.58,4353.25,-13.850000000000364,-0.31714410020380485
13 - Poultry and egg production,0.0,16.83,1183.26,1200.09,0.0,17.17,1169.25,1186.42,-13.669999999999845,-1.1390812355739859
488 - Bowling centers,0.0,0.13,1132.09,1132.22,0.0,0.14,1119.41,1119.55,-12.670000000000073,-1.1190404691667761
102 - Wineries,0.0,81.77,1171.58,1253.34,0.0,83.4,1158.2,1241.6,-11.740000000000009,-0.9366971452279518
73 - Frozen specialties manufacturing,0.0,5.44,956.33,961.77,0.0,5.55,945.03,950.57,-11.199999999999932,-1.1645195836842417
119 - Cut and sew apparel manufacturing (except contractors),0.0,31.13,994.71,1025.84,0.0,31.75,983.12,1014.88,-10.959999999999923,-1.0683927318100215
480 - Racing and Track Operation,0.0,3.37,832.84,836.21,0.0,3.44,823.29,826.73,-9.480000000000018,-1.1336865141531454
77 - Cheese manufacturing,0.0,23.04,840.73,863.76,0.0,23.5,830.8,854.3,-9.460000000000036,-1.0952116328609842
93 - Other snack food manufacturing,0.0,12.24,810.26,822.51,0.0,12.49,800.7,813.19,-9.319999999999936,-1.133116922590599
79 - Fluid milk manufacturing,0.0,10.45,738.18,748.63,0.0,10.66,729.44,740.1,-8.529999999999973,-1.1394146641197886
74 - Canned fruits and vegetables manufacturing,0.0,10.4,680.92,691.33,0.0,10.61,672.88,683.49,-7.840000000000032,-1.1340459693634055
172 - Toilet preparation manufacturing,0.0,5.1,656.51,661.6,0.0,5.2,648.74,653.94,-7.659999999999968,-1.1577992744860894
"419 - News syndicates, libraries, archives and all other information services",0.0,193.26,976.43,1169.69,0.0,197.13,965.01,1162.14,-7.5499999999999545,-0.6454701673092832
17 - Commercial fishing,0.0,33.94,681.09,715.03,0.0,34.62,673.11,707.74,-7.289999999999964,-1.019537641777263
363 - Dental laboratories,0.0,0.0,595.45,595.45,0.0,0.0,588.44,588.44,-7.009999999999991,-1.1772608951213352
448 - Photographic services,0.0,122.07,810.26,932.33,0.0,124.52,800.89,925.41,-6.920000000000073,-0.7422264648783234
58 - Dog and cat food manufacturing,0.0,0.14,584.31,584.45,0.0,0.14,577.45,577.59,-6.860000000000014,-1.1737531012062645
1 - Oilseed farming,0.0,72.4,693.5,765.9,0.0,73.85,685.32,759.16,-6.740000000000009,-0.8800104452278378
349 - Upholstered household furniture manufacturing,0.0,0.69,567.77,568.46,0.0,0.71,561.34,562.05,-6.410000000000082,-1.127607923160835
405 - Newspaper publishers,0.0,315.7,1086.24,1401.95,0.0,322.03,1073.56,1395.59,-6.360000000000127,-0.45365383929527636
398 - Water transportation,0.0,137.02,811.67,948.69,0.0,139.77,802.58,942.35,-6.340000000000032,-0.6682899577311906
89 - Cookie and cracker manufacturing,0.0,2.87,532.27,535.14,0.0,2.93,525.95,528.88,-6.259999999999991,-1.1697873453675658
374 - All other miscellaneous manufacturing,0.0,59.95,599.16,659.11,0.0,61.15,592.13,653.29,-5.82000000000005,-0.8830089059489387
360 - Surgical appliance and supplies manufacturing,0.0,7.9,480.5,488.4,0.0,8.06,474.88,482.94,-5.4599999999999795,-1.1179361179361138
407 - Book publishers,0.0,106.81,648.41,755.22,0.0,108.95,640.89,749.84,-5.3799999999999955,-0.7123752019279144
344 - Boat building,0.0,4.57,525.96,530.53,0.0,4.66,520.54,525.21,-5.319999999999936,-1.002770814091557
59 - Other animal food manufacturing,0.0,11.58,469.09,480.67,0.0,11.81,463.55,475.36,-5.310000000000002,-1.1047080117336223
71 - Confectionery manufacturing from purchased chocolate,0.0,2.62,443.38,446.0,0.0,2.68,438.09,440.77,-5.230000000000018,-1.172645739910318
5 - Tree nut farming,0.0,3.19,433.86,437.05,0.0,3.26,428.74,431.99,-5.060000000000002,-1.1577622697631855
324 - Automobile and light duty motor vehicle manufacturing,0.0,50.72,519.28,570.0,0.0,51.74,513.32,565.05,-4.9500000000000455,-0.8684210526315869
"481 - Independent artists, writers, and performers",0.0,1940.77,3771.41,5712.18,0.0,1979.67,3727.64,5707.32,-4.860000000000582,-0.08508135247839847
"72 - Frozen fruits, juices and vegetables manufacturing",0.0,4.46,412.54,417.0,0.0,4.55,407.66,412.21,-4.7900000000000205,-1.1486810551558801
118 - Cut and sew apparel contractors,0.0,12.59,409.64,422.22,0.0,12.84,404.87,417.71,-4.510000000000048,-1.068163516650099
69 - Nonchocolate confectionery manufacturing,0.0,2.61,382.71,385.31,0.0,2.66,378.15,380.81,-4.5,-1.1678907892346424
365 - Sporting and athletic goods manufacturing,0.0,1.65,395.09,396.74,0.0,1.68,390.57,392.25,-4.490000000000009,-1.1317235469072966
97 - Spice and extract manufacturing,0.0,6.85,390.01,396.85,0.0,6.98,385.41,392.39,-4.460000000000036,-1.1238503212800897
163 - Medicinal and botanical manufacturing,0.0,30.81,418.9,449.71,0.0,31.43,413.94,445.37,-4.339999999999975,-0.9650663761090426
329 - Travel trailer and camper manufacturing,0.0,24.37,441.96,466.33,0.0,24.86,437.14,462.0,-4.329999999999984,-0.9285270087706098
87 - Seafood product preparation and packaging,0.0,13.83,392.47,406.3,0.0,14.11,387.88,401.99,-4.310000000000002,-1.0607925178439581
103 - Distilleries,0.0,16.82,387.04,403.86,0.0,17.16,382.49,399.65,-4.210000000000036,-1.0424404496607824
359 - Surgical and medical instrument manufacturing,0.0,12.87,365.08,377.95,0.0,13.12,360.82,373.95,-4.0,-1.0583410504034927
348 - Wood kitchen cabinet and countertop manufacturing,0.0,213.39,713.97,927.36,0.0,217.67,705.72,923.39,-3.9700000000000273,-0.42809696342305337
184 - Plastics bottle manufacturing,0.0,48.31,416.61,464.91,0.0,49.27,411.68,460.95,-3.9600000000000364,-0.8517777634380925
377 - Wholesale - Household appliances and electrical and electronic goods,0.0,1239.58,2429.09,3668.67,0.0,1264.43,2400.58,3665.0,-3.6700000000000728,-0.10003625291999751
364 - Jewelry and silverware manufacturing,0.0,4.21,330.08,334.29,0.0,4.3,326.43,330.73,-3.5600000000000023,-1.064943611834037
82 - Frozen cakes and other pastries manufacturing,0.0,4.32,307.06,311.38,0.0,4.4,303.43,307.83,-3.5500000000000114,-1.1400860684693979
350 - Nonupholstered wood household furniture manufacturing,0.0,2.0,312.68,314.68,0.0,2.04,309.14,311.19,-3.490000000000009,-1.1090631752891855
"90 - Dry pasta, mixes, and dough manufacturing",0.0,1.36,295.51,296.87,0.0,1.39,292.0,293.38,-3.490000000000009,-1.1755987469262672
91 - Tortilla manufacturing,0.0,1.79,292.7,294.48,0.0,1.83,289.22,291.05,-3.430000000000007,-1.164765009508288
362 - Ophthalmic goods manufacturing,0.0,1.12,296.08,297.2,0.0,1.14,292.63,293.77,-3.430000000000007,-1.154104979811577
81 - Ice cream and frozen dessert manufacturing,0.0,8.48,281.1,289.58,0.0,8.65,277.8,286.45,-3.1299999999999955,-1.0808757510877807
423 - Monetary authorities and depository credit intermediation,0.0,12808.01,22037.4,34845.41,0.0,13064.76,21777.58,34842.34,-3.070000000006985,-0.00881034259607502
"96 - Mayonnaise, dressing, and sauce manufacturing",0.0,5.38,269.04,274.42,0.0,5.48,265.87,271.36,-3.0600000000000023,-1.1150790758691065
406 - Periodical publishers,0.0,315.96,805.54,1121.5,0.0,322.29,796.15,1118.44,-3.0599999999999454,-0.2728488631297321
416 - Wireless telecommunications carriers (except satellite),0.0,515.83,1126.43,1642.26,0.0,526.17,1113.07,1639.24,-3.019999999999982,-0.18389292803819018
94 - Coffee and tea manufacturing,0.0,31.21,307.66,338.87,0.0,31.84,304.04,335.88,-2.990000000000009,-0.8823442618113168
92 - Roasted nuts and peanut butter manufacturing,0.0,4.78,259.11,263.9,0.0,4.88,256.05,260.93,-2.9699999999999704,-1.12542629784008
"44 - Water, sewage and other systems",0.0,254.84,685.2,940.04,0.0,259.95,677.12,937.07,-2.9699999999999136,-0.3159440023828681
"78 - Dry, condensed, and evaporated dairy product manufacturing",0.0,4.48,247.28,251.76,0.0,4.57,244.36,248.93,-2.829999999999984,-1.1240864315220782
357 - Mattress manufacturing,0.0,0.86,246.61,247.47,0.0,0.88,243.79,244.67,-2.8000000000000114,-1.131450276801233
142 - Sanitary paper product manufacturing,0.0,48.24,310.5,358.74,0.0,49.2,306.85,356.05,-2.6899999999999977,-0.7498466856218983
120 - Apparel accessories and other apparel manufacturing,0.0,6.9,239.36,246.26,0.0,7.04,236.58,243.61,-2.6499999999999773,-1.0760984325509533
318 - Battery manufacturing,0.0,116.31,407.25,523.56,0.0,118.64,402.44,521.08,-2.4799999999999045,-0.4736801894720576
60 - Flour milling,0.0,2.01,209.42,211.43,0.0,2.05,206.94,208.99,-2.4399999999999977,-1.1540462564442122
511 - State government passenger transit,0.0,59.69,308.8,368.49,0.0,60.88,305.21,366.09,-2.400000000000034,-0.6513066840348541
328 - Motor home manufacturing,0.0,0.17,213.58,213.75,0.0,0.17,211.25,211.42,-2.3300000000000125,-1.0900584795321695
66 - Breakfast cereal manufacturing,0.0,0.2,188.5,188.7,0.0,0.2,186.25,186.45,-2.25,-1.192368839427663
137 - Paper mills,0.0,172.83,483.76,656.59,0.0,176.29,478.05,654.35,-2.240000000000009,-0.34115658173289404
18 - Commercial hunting and trapping,0.0,0.21,190.27,190.48,0.0,0.22,188.02,188.24,-2.2399999999999807,-1.1759764804703805
313 - Major household appliance manufacturing,0.0,43.77,264.15,307.92,0.0,44.65,261.07,305.71,-2.2100000000000364,-0.7177188880228749
169 - Soap and other detergent manufacturing,0.0,63.07,290.15,353.22,0.0,64.33,286.69,351.02,-2.2000000000000455,-0.6228412887152611
122 - Footwear manufacturing,0.0,1.05,183.4,184.46,0.0,1.08,181.24,182.32,-2.140000000000015,-1.1601431204597283
183 - Urethane and other foam product (except polystyrene) manufacturing,0.0,98.07,350.29,448.36,0.0,100.03,346.21,446.24,-2.1200000000000045,-0.47283432955660726
113 - Curtain and linen mills,0.0,3.82,181.24,185.06,0.0,3.89,179.15,183.04,-2.0200000000000102,-1.0915378796066195
235 - Metal cans manufacturing,0.0,28.98,215.99,244.97,0.0,29.56,213.43,242.98,-1.990000000000009,-0.8123443686982116
"366 - Doll, toy, and game manufacturing",0.0,4.33,171.65,175.98,0.0,4.42,169.65,174.07,-1.9099999999999966,-1.0853506080236373
170 - Polish and other sanitation good manufacturing,0.0,59.76,259.54,319.3,0.0,60.96,256.45,317.4,-1.900000000000034,-0.595051675540255
165 - In-vitro diagnostic substance manufacturing,0.0,0.24,161.18,161.43,0.0,0.25,159.3,159.55,-1.8799999999999955,-1.1645914637923531
76 - Dehydrated food products manufacturing,0.0,2.21,159.84,162.05,0.0,2.25,157.96,160.21,-1.8400000000000034,-1.1354520209811807
203 - Cut stone and stone product manufacturing,0.0,10.03,164.11,174.14,0.0,10.23,162.13,172.36,-1.7799999999999727,-1.0221660732743614
75 - Canned specialties,0.0,2.2,151.74,153.94,0.0,2.25,149.94,152.19,-1.75,-1.1368065480057166
9 - Sugarcane and sugar beet farming,0.0,1.61,147.11,148.72,0.0,1.64,145.36,147.0,-1.7199999999999989,-1.1565357719203866
104 - Tobacco manufacturing,0.0,0.01,133.45,133.46,0.0,0.01,131.81,131.82,-1.6400000000000148,-1.2288326090214405
412 - Sound recording industries,0.0,78.18,275.18,353.36,0.0,79.74,271.98,351.72,-1.6399999999999864,-0.4641159157799372
70 - Chocolate and confectionery manufacturing from cacao beans,0.0,0.86,138.89,139.75,0.0,0.87,137.24,138.11,-1.6399999999999864,-1.1735241502683265
95 - Flavoring syrup and concentrate manufacturing,0.0,5.65,142.98,148.63,0.0,5.76,141.3,147.06,-1.5699999999999932,-1.0563143376168964
"249 - Small arms, ordnance, and accessories manufacturing",0.0,39.64,205.86,245.5,0.0,40.43,203.5,243.94,-1.5600000000000023,-0.6354378818737281
143 - All other converted paper product manufacturing,0.0,22.34,170.02,192.36,0.0,22.79,168.02,190.81,-1.5500000000000114,-0.8057808276148946
63 - Wet corn milling,0.0,23.44,170.87,194.31,0.0,23.91,168.85,192.76,-1.5500000000000114,-0.7976944058463338
182 - Polystyrene foam product manufacturing,0.0,87.13,273.92,361.05,0.0,88.87,270.7,359.57,-1.4800000000000182,-0.40991552416563304
112 - Carpet and rug mills,0.0,2.79,132.8,135.59,0.0,2.84,131.31,134.15,-1.4399999999999977,-1.0620252230990468
106 - Broadwoven fabric mills,0.0,23.86,160.3,184.15,0.0,24.34,158.44,182.78,-1.3700000000000045,-0.7439587292967713
193 - Glass container manufacturing,0.0,23.21,155.98,179.2,0.0,23.68,154.15,177.83,-1.3699999999999761,-0.7645089285714153
123 - Other leather and allied product manufacturing,0.0,5.06,123.16,128.22,0.0,5.16,121.71,126.87,-1.3499999999999943,-1.0528778661675202
117 - Apparel knitting mills,0.0,2.74,120.14,122.88,0.0,2.79,118.74,121.54,-1.3399999999999892,-1.0904947916666579
100 - Manufactured ice,0.0,0.95,108.43,109.38,0.0,0.97,107.14,108.11,-1.269999999999996,-1.1610897787529677
293 - Audio and video equipment manufacturing,0.0,1.72,106.71,108.43,0.0,1.75,105.45,107.21,-1.220000000000013,-1.1251498662731836
64 - Soybean and other oilseed processing,0.0,10.88,120.05,130.92,0.0,11.09,118.63,129.73,-1.1899999999999977,-0.9089520317751282
162 - Pesticide and other agricultural chemical manufacturing,0.0,8.38,113.76,122.14,0.0,8.55,112.41,120.96,-1.1800000000000068,-0.9661044702800121
67 - Beet sugar manufacturing,0.0,1.01,98.4,99.41,0.0,1.03,97.23,98.26,-1.1499999999999915,-1.1568252690876084
"345 - Motorcycle, bicycle, and parts manufacturing",0.0,11.84,112.33,124.17,0.0,12.07,110.97,123.04,-1.1299999999999955,-0.9100426834178912
"408 - Directory, mailing list, and other publishers",0.0,84.15,238.51,322.67,0.0,85.84,235.72,321.56,-1.1100000000000136,-0.34400471069514166
351 - Other household nonupholstered furniture manufacturing,0.0,0.29,98.41,98.7,0.0,0.29,97.3,97.59,-1.1099999999999994,-1.124620060790273
140 - Paper bag and coated and treated paper manufacturing,0.0,209.38,450.21,659.58,0.0,213.57,444.92,658.5,-1.080000000000041,-0.16374056217593633
68 - Sugar cane mills and refining,0.0,0.95,92.7,93.64,0.0,0.97,91.59,92.56,-1.0799999999999983,-1.153353267834257
347 - All other transportation equipment manufacturing,0.0,13.3,120.69,133.99,0.0,13.57,119.37,132.93,-1.0600000000000023,-0.7911038137174432
312 - Small electrical appliance manufacturing,0.0,2.7,95.03,97.72,0.0,2.75,93.91,96.66,-1.0600000000000023,-1.084731887024153
65 - Fats and oils refining and blending,0.0,14.03,111.99,126.02,0.0,14.32,110.66,124.98,-1.039999999999992,-0.8252658308204983
86 - Rendering and meat byproduct processing,0.0,3.72,89.76,93.48,0.0,3.79,88.7,92.49,-0.9900000000000091,-1.0590500641848621
110 - Textile and fabric finishing mills,0.0,29.2,134.78,163.98,0.0,29.79,133.21,163.0,-0.9799999999999898,-0.5976338577875289
414 - Cable and other subscription programming,0.0,390.78,754.56,1145.34,0.0,398.62,745.75,1144.37,-0.9700000000000273,-0.08469100878342041
247 - Small arms ammunition manufacturing,0.0,40.39,151.37,191.75,0.0,41.2,149.64,190.83,-0.9199999999999875,-0.4797913950456258
434 - Video tape and disc rental,0.0,0.09,77.36,77.46,0.0,0.09,76.46,76.56,-0.8999999999999915,-1.1618900077459224
194 - Glass product manufacturing made of purchased glass,0.0,109.46,263.49,372.94,0.0,111.65,260.41,372.06,-0.8799999999999955,-0.23596288947283625
358 - Blind and shade manufacturing,0.0,0.57,76.58,77.15,0.0,0.58,75.7,76.28,-0.8700000000000045,-1.1276733635774523
296 - Semiconductor and related device manufacturing,0.0,548.28,1004.75,1553.03,0.0,559.27,992.95,1552.22,-0.8099999999999454,-0.052156107737773606
114 - Textile bag and canvas mills,0.0,104.5,247.05,351.55,0.0,106.6,244.2,350.8,-0.75,-0.21334091878822356
300 - Electromedical and electrotherapeutic apparatus manufacturing,0.0,0.14,61.15,61.29,0.0,0.14,60.43,60.57,-0.7199999999999989,-1.1747430249632875
379 - Wholesale - Other durable goods merchant wholesalers,0.0,4671.32,8048.39,12719.71,0.0,4764.97,7954.03,12719.0,-0.7099999999991269,-0.0055818882663136735
"308 - Watch, clock, and other measuring and controlling device manufacturing",0.0,6.26,72.59,78.85,0.0,6.38,71.77,78.15,-0.6999999999999886,-0.8877615726062
61 - Rice milling,0.0,0.43,56.98,57.41,0.0,0.43,56.3,56.74,-0.6699999999999946,-1.1670440689775206
166 - Biological product (except diagnostic) manufacturing,0.0,0.39,54.77,55.16,0.0,0.4,54.12,54.51,-0.6499999999999986,-1.1783901377809982
370 - Musical instrument manufacturing,0.0,4.78,63.67,68.46,0.0,4.88,62.93,67.81,-0.6499999999999915,-0.9494595384165812
"105 - Fiber, yarn, and thread mills",0.0,41.11,124.69,165.8,0.0,41.93,123.25,165.18,-0.6200000000000045,-0.37394451145959257
108 - Nonwoven fabric mills,0.0,32.45,107.02,139.47,0.0,33.1,105.77,138.87,-0.5999999999999943,-0.43020004302000026
"189 - Pottery, ceramics, and plumbing fixture manufacturing",0.0,9.64,65.88,75.52,0.0,9.83,65.11,74.94,-0.5799999999999983,-0.768008474576269
367 - Office supplies (except paper) manufacturing,0.0,33.73,104.55,138.28,0.0,34.41,103.32,137.73,-0.5500000000000114,-0.39774370841771145
80 - Creamery butter manufacturing,0.0,0.86,46.99,47.86,0.0,0.88,46.44,47.32,-0.5399999999999991,-1.128290848307562
"372 - Broom, brush, and mop manufacturing",0.0,11.07,64.39,75.46,0.0,11.29,63.64,74.93,-0.5299999999999869,-0.7023588656241544
263 - Heating equipment (except warm air furnaces) manufacturing,0.0,17.11,71.68,88.79,0.0,17.46,70.84,88.3,-0.4900000000000091,-0.5518639486428754
"371 - Fasteners, buttons, needles, and pins manufacturing",0.0,1.61,41.7,43.31,0.0,1.65,41.21,42.86,-0.45000000000000284,-1.039021011313791
287 - Electronic computer manufacturing,0.0,5.52,47.97,53.49,0.0,5.64,47.4,53.04,-0.45000000000000284,-0.8412787436904147
409 - Greeting card publishing,0.0,0.21,37.88,38.09,0.0,0.21,37.43,37.65,-0.44000000000000483,-1.1551588343397343
192 - Other pressed and blown glass and glassware manufacturing,0.0,27.03,82.52,109.55,0.0,27.57,81.56,109.13,-0.4200000000000017,-0.38338658146965016
158 - Artificial and synthetic fibers and filaments manufacturing,0.0,61.25,140.81,202.06,0.0,62.48,139.17,201.65,-0.4099999999999966,-0.20291002672473352
"236 - Metal barrels, drums and pails manufacturing",0.0,31.66,87.3,118.96,0.0,32.29,86.27,118.56,-0.3999999999999915,-0.33624747814390676
373 - Burial casket manufacturing,0.0,0.0,29.36,29.36,0.0,0.0,29.01,29.01,-0.34999999999999787,-1.1920980926430447
343 - Ship building and repairing,0.0,21.52,68.29,89.81,0.0,21.95,67.53,89.49,-0.3200000000000074,-0.35630776082842375
361 - Dental equipment and supplies manufacturing,0.0,0.22,26.2,26.43,0.0,0.23,25.89,26.12,-0.3099999999999987,-1.172909572455538
121 - Leather and hide tanning and finishing,0.0,2.72,29.89,32.61,0.0,2.78,29.53,32.31,-0.29999999999999716,-0.9199632014719324
8 - Cotton farming,0.0,7.46,37.38,44.84,0.0,7.61,36.94,44.55,-0.29000000000000625,-0.646743978590558
"225 - Cutlery, utensil, pot, and pan manufacturing",0.0,28.17,73.15,101.32,0.0,28.73,72.29,101.03,-0.28999999999999204,-0.28622187129884724
"264 - Air conditioning, refrigeration, and warm air heating equipment manufacturing",0.0,97.52,191.65,289.17,0.0,99.48,189.42,288.89,-0.28000000000002956,-0.09682885499879985
107 - Narrow fabric mills and schiffli machine embroidery,0.0,4.11,28.34,32.45,0.0,4.19,28.01,32.2,-0.25,-0.7704160246533127
109 - Knit fabric mills,0.0,4.19,29.55,33.73,0.0,4.27,29.2,33.48,-0.25,-0.7411799584939224
288 - Computer storage device manufacturing,0.0,0.67,22.11,22.78,0.0,0.68,21.85,22.53,-0.25,-1.0974539069359086
"356 - Showcase, partition, shelving, and locker manufacturing",0.0,24.25,63.8,88.04,0.0,24.73,63.06,87.8,-0.2400000000000091,-0.272603362108143
159 - Nitrogenous fertilizer manufacturing,0.0,17.19,47.3,64.49,0.0,17.53,46.74,64.27,-0.21999999999999886,-0.3411381609551851
310 - Electric lamp bulb and part manufacturing,0.0,9.56,33.17,42.72,0.0,9.75,32.77,42.52,-0.19999999999999574,-0.4681647940074807
226 - Handtool manufacturing,0.0,87.58,165.93,253.51,0.0,89.33,163.98,253.31,-0.19999999999998863,-0.07889235138652859
62 - Malt manufacturing,0.0,0.27,16.0,16.27,0.0,0.27,15.81,16.08,-0.19000000000000128,-1.1677934849416183
168 - Adhesive manufacturing,0.0,62.01,122.01,184.02,0.0,63.26,120.58,183.84,-0.18000000000000682,-0.09781545484186871
111 - Fabric coating mills,0.0,12.85,38.07,50.92,0.0,13.11,37.63,50.74,-0.17999999999999972,-0.35349567949725
282 - Packaging machinery manufacturing,0.0,3.33,21.99,25.32,0.0,3.4,21.74,25.14,-0.17999999999999972,-0.7109004739336481
161 - Fertilizer mixing,0.0,15.8,41.91,57.71,0.0,16.12,41.42,57.53,-0.17999999999999972,-0.31190434933287076
269 - Rolling mill and other metalworking machinery manufacturing,0.0,7.71,28.41,36.12,0.0,7.86,28.09,35.95,-0.1699999999999946,-0.4706533776301069
"248 - Ammunition, except for small arms, manufacturing",0.0,5.17,21.43,26.59,0.0,5.27,21.18,26.45,-0.14000000000000057,-0.5265137269650266
160 - Phosphatic fertilizer manufacturing,0.0,11.27,29.46,40.73,0.0,11.49,29.11,40.61,-0.11999999999999744,-0.29462312791553513
7 - Tobacco farming,0.0,0.04,9.11,9.15,0.0,0.04,9.0,9.04,-0.11000000000000121,-1.2021857923497399
"213 - Aluminum sheet, plate, and foil manufacturing",0.0,40.99,76.54,117.54,0.0,41.82,75.65,117.46,-0.0800000000000125,-0.06806193636210014
"301 - Search, detection, and navigation instruments manufacturing",0.0,3.41,12.63,16.04,0.0,3.48,12.5,15.97,-0.06999999999999851,-0.4364089775561004
306 - Analytical laboratory instrument manufacturing,0.0,6.72,16.51,23.23,0.0,6.85,16.32,23.17,-0.05999999999999872,-0.2582866982350354
"346 - Military armored vehicle, tank, and tank component manufacturing",0.0,3.95,10.53,14.48,0.0,4.03,10.41,14.44,-0.040000000000000924,-0.2762430939226583
171 - Surface active agent manufacturing,0.0,16.11,30.17,46.28,0.0,16.43,29.81,46.25,-0.030000000000001137,-0.06482281763180886
191 - Flat glass manufacturing,0.0,19.32,36.07,55.38,0.0,19.7,35.64,55.35,-0.030000000000001137,-0.05417118093174636
"22 - Copper, nickel, lead, and zinc mining",0.0,83.47,146.73,230.21,0.0,85.15,145.04,230.19,-0.020000000000010232,-0.008687719907914613
352 - Institutional furniture manufacturing,0.0,1.59,4.44,6.03,0.0,1.62,4.38,6.01,-0.020000000000000462,-0.33167495854063783
307 - Irradiation apparatus manufacturing,0.0,0.01,1.85,1.86,0.0,0.01,1.83,1.84,-0.020000000000000018,-1.0752688172043021
258 - Food product machinery manufacturing,0.0,2.86,6.39,9.25,0.0,2.92,6.31,9.23,-0.019999999999999574,-0.21621621621621162
"214 - Other aluminum rolling, drawing and extruding",0.0,70.1,120.98,191.08,0.0,71.51,119.56,191.07,-0.010000000000019327,-0.005233410090024767
"355 - Office furniture, except wood, manufacturing",0.0,0.56,1.87,2.43,0.0,0.57,1.85,2.42,-0.010000000000000231,-0.4115226337448655
353 - Wood office furniture manufacturing,0.0,0.27,1.14,1.41,0.0,0.27,1.13,1.4,-0.010000000000000009,-0.7092198581560291
"314 - Power, distribution, and specialty transformer manufacturing",0.0,1.75,3.71,5.46,0.0,1.79,3.66,5.45,-0.009999999999999787,-0.18315018315017925
354 - Custom architectural woodwork and millwork,0.0,2.49,5.32,7.81,0.0,2.54,5.25,7.8,-0.009999999999999787,-0.12804097311139293
136 - Pulp mills,0.0,6.06,11.77,17.83,0.0,6.18,11.63,17.82,-0.00999999999999801,-0.056085249579349475
"297 - Capacitor, resistor, coil, transformer, and other inductor manufacturing",0.0,32.75,57.12,89.88,0.0,33.41,56.46,89.87,-0.009999999999990905,-0.011125945705374838
291 - Broadcast and wireless communications equipment manufacturing,0.0,17.36,29.78,47.13,0.0,17.7,29.43,47.13,0.0,0.0
133 - Manufactured home (mobile home) manufacturing,0.0,1.12,1.35,2.47,0.0,1.14,1.33,2.47,0.0,0.0
431 - Owner-occupied housing,0.0,0.0,0.0,0.0,0.0,0.0,0.0,0.0,0.0,
45 - Construction of new health care structures,0.0,0.0,0.0,0.0,0.0,0.0,0.0,0.0,0.0,
340 - Guided missile and space vehicle manufacturing,0.0,0.21,0.52,0.73,0.0,0.21,0.51,0.73,0.0,0.0
47 - Construction of new power and communication structures,0.0,0.0,0.0,0.0,0.0,0.0,0.0,0.0,0.0,
"50 - Construction of new commercial structures, including farm structures",0.0,0.0,0.0,0.0,0.0,0.0,0.0,0.0,0.0,
"259 - Sawmill, woodworking, and paper machinery",0.0,1.99,3.29,5.27,0.0,2.03,3.25,5.27,0.0,0.0
51 - Construction of other new nonresidential structures,0.0,0.0,0.0,0.0,0.0,0.0,0.0,0.0,0.0,
"525 - * Employment and payroll of local govt, hospitals and health services",0.0,0.0,0.0,0.0,0.0,0.0,0.0,0.0,0.0,
"524 - * Employment and payroll of local govt, education",0.0,0.0,0.0,0.0,0.0,0.0,0.0,0.0,0.0,
"523 - * Employment and payroll of state govt, other services",0.0,0.0,0.0,0.0,0.0,0.0,0.0,0.0,0.0,
518 - * Not an industry (Scrap),0.0,0.0,0.0,0.0,0.0,0.0,0.0,0.0,0.0,
517 - * Not an industry (Used and secondhand goods),0.0,0.0,0.0,0.0,0.0,0.0,0.0,0.0,0.0,
"522 - * Employment and payroll of state govt, hospitals and health services",0.0,0.0,0.0,0.0,0.0,0.0,0.0,0.0,0.0,
"526 - * Employment and payroll of local govt, other services",0.0,0.0,0.0,0.0,0.0,0.0,0.0,0.0,0.0,
52 - Construction of new single-family residential structures,0.0,0.0,0.0,0.0,0.0,0.0,0.0,0.0,0.0,
519 - * Not an industry (Rest of world adjustment),0.0,0.0,0.0,0.0,0.0,0.0,0.0,0.0,0.0,
520 - * Not an industry (Noncomparable foreign imports),0.0,0.0,0.0,0.0,0.0,0.0,0.0,0.0,0.0,
"521 - * Employment and payroll of state govt, education",0.0,0.0,0.0,0.0,0.0,0.0,0.0,0.0,0.0,
53 - Construction of new multifamily residential structures,0.0,0.0,0.0,0.0,0.0,0.0,0.0,0.0,0.0,
54 - Construction of other new residential structures,0.0,0.0,0.0,0.0,0.0,0.0,0.0,0.0,0.0,
"527 - * Employment and payroll of federal govt, military",0.0,0.0,0.0,0.0,0.0,0.0,0.0,0.0,0.0,
"528 - * Employment and payroll of federal govt, non-military",0.0,0.0,0.0,0.0,0.0,0.0,0.0,0.0,0.0,
33 - Other nonmetallic minerals services,0.0,0.26,0.19,0.45,0.0,0.26,0.19,0.45,0.0,0.0
49 - Construction of new highways and streets,0.0,0.0,0.0,0.0,0.0,0.0,0.0,0.0,0.0,
257 - Semiconductor machinery manufacturing,0.0,2.82,4.64,7.46,0.0,2.88,4.59,7.46,0.0,0.0
46 - Construction of new manufacturing structures,0.0,0.0,0.0,0.0,0.0,0.0,0.0,0.0,0.0,
48 - Construction of new educational and vocational structures,0.0,0.0,0.0,0.0,0.0,0.0,0.0,0.0,0.0,
30 - Drilling oil and gas wells,0.0,0.63,0.14,0.77,0.0,0.64,0.14,0.78,0.010000000000000009,1.2987012987012998
325 - Heavy duty truck manufacturing,0.0,1.57,1.85,3.42,0.0,1.6,1.83,3.43,0.010000000000000231,0.2923976608187202
275 - Air and gas compressor manufacturing,0.0,2.24,2.04,4.28,0.0,2.28,2.02,4.3,0.019999999999999574,0.46728971962615823
341 - Propulsion units and parts for space vehicles and guided missiles manufacturing,0.0,1.56,1.12,2.68,0.0,1.59,1.1,2.7,0.020000000000000018,0.7462686567164185
276 - Elevator and moving stairway manufacturing,0.0,1.94,1.34,3.28,0.0,1.98,1.32,3.3,0.020000000000000018,0.6097560975609762
280 - Power-driven handtool manufacturing,0.0,11.07,17.67,28.74,0.0,11.29,17.47,28.76,0.020000000000003126,0.0695894224078049
305 - Electricity and signal testing instruments manufacturing,0.0,4.14,5.11,9.24,0.0,4.22,5.05,9.27,0.02999999999999936,0.32467532467531773
252 - Farm machinery and equipment manufacturing,0.0,9.52,14.05,23.56,0.0,9.71,13.88,23.59,0.030000000000001137,0.127334465195251
327 - Truck trailer manufacturing,0.0,3.08,1.03,4.11,0.0,3.14,1.02,4.16,0.04999999999999982,1.2165450121654457
"278 - Overhead cranes, hoists, and monorail systems manufacturing",0.0,3.09,1.45,4.53,0.0,3.15,1.43,4.58,0.04999999999999982,1.1037527593818945
290 - Telephone apparatus manufacturing,0.0,12.82,17.56,30.38,0.0,13.08,17.35,30.43,0.05000000000000071,0.1645819618169872
215 - Nonferrous metal (exc aluminum) smelting and refining,0.0,7.4,8.11,15.51,0.0,7.55,8.01,15.56,0.05000000000000071,0.3223726627981993
309 - Manufacturing and reproducing magnetic and optical media,0.0,36.31,57.26,93.58,0.0,37.04,56.6,93.64,0.060000000000002274,0.06411626415901077
233 - Power boiler and heat exchanger manufacturing,0.0,9.19,8.81,18.0,0.0,9.38,8.7,18.08,0.0799999999999983,0.444444444444435
212 - Secondary smelting and alloying of aluminum,0.0,18.21,22.41,40.62,0.0,18.58,22.14,40.72,0.10000000000000142,0.2461841457410178
253 - Lawn and garden equipment manufacturing,0.0,11.8,11.2,23.0,0.0,12.04,11.07,23.1,0.10000000000000142,0.4347826086956583
153 - Synthetic dye and pigment manufacturing,0.0,33.47,48.71,82.18,0.0,34.14,48.14,82.29,0.10999999999999943,0.13385251886103605
255 - Mining machinery and equipment manufacturing,0.0,6.93,2.04,8.97,0.0,7.07,2.01,9.08,0.10999999999999943,1.2263099219620894
227 - Prefabricated metal buildings and components manufacturing,0.0,26.43,36.36,62.79,0.0,26.96,35.94,62.9,0.10999999999999943,0.17518713170886993
289 - Computer terminals and other computer peripheral equipment manufacturing,0.0,34.0,47.65,81.65,0.0,34.68,47.09,81.77,0.11999999999999034,0.14696876913654663
283 - Industrial process furnace and oven manufacturing,0.0,6.97,1.79,8.75,0.0,7.1,1.77,8.87,0.11999999999999922,1.3714285714285626
254 - Construction machinery manufacturing,0.0,9.32,5.31,14.63,0.0,9.51,5.24,14.75,0.11999999999999922,0.8202323991797622
"15 - Forestry, forest products, and timber tract production",0.0,57.41,88.25,145.66,0.0,58.56,87.21,145.78,0.12000000000000455,0.08238363311822364
"28 - Other clay, ceramic, refractory minerals mining",0.0,16.57,18.55,35.12,0.0,16.9,18.34,35.24,0.12000000000000455,0.34168564920274647
174 - Explosives manufacturing,0.0,16.9,17.66,34.57,0.0,17.24,17.46,34.7,0.13000000000000256,0.37604859704947224
157 - Synthetic rubber manufacturing,0.0,26.84,34.99,61.83,0.0,27.38,34.58,61.96,0.13000000000000256,0.2102539220443192
211 - Alumina refining and primary aluminum production,0.0,25.05,31.26,56.3,0.0,25.55,30.89,56.44,0.14000000000000057,0.24866785079929055
39 - Electric power generation - Geothermal,0.0,14.53,12.87,27.4,0.0,14.82,12.72,27.54,0.14000000000000057,0.5109489051094911
218 - Secondary processing of other nonferrous metals,0.0,17.02,15.97,32.99,0.0,17.36,15.79,33.15,0.1599999999999966,0.48499545316761616
135 - All other miscellaneous wood product manufacturing,0.0,105.84,168.47,274.31,0.0,107.96,166.51,274.47,0.160000000000025,0.05832816886005797
268 - Machine tool manufacturing,0.0,14.13,9.99,24.12,0.0,14.41,9.88,24.29,0.16999999999999815,0.7048092868988314
29 - Other nonmetallic mineral mining and quarrying,0.0,39.03,52.1,91.12,0.0,39.81,51.49,91.3,0.1799999999999926,0.19754170324845544
260 - All other industrial machinery manufacturing,0.0,19.94,17.41,37.35,0.0,20.34,17.21,37.55,0.19999999999999574,0.5354752342704036
323 - All other miscellaneous electrical equipment and component manufacturing,0.0,16.44,11.29,27.73,0.0,16.77,11.16,27.93,0.1999999999999993,0.7212405337179923
245 - Plumbing fixture fitting and trim manufacturing,0.0,33.54,40.3,73.84,0.0,34.21,39.83,74.04,0.20000000000000284,0.27085590465872544
304 - Totalizing fluid meter and counting device manufacturing,0.0,19.56,16.23,35.79,0.0,19.96,16.03,35.99,0.20000000000000284,0.5588153115395442
"369 - Gasket, packing, and sealing device manufacturing",0.0,84.43,127.55,211.98,0.0,86.13,126.05,212.18,0.20000000000001705,0.09434852344561613
173 - Printing ink manufacturing,0.0,43.79,57.14,100.93,0.0,44.67,56.47,101.14,0.20999999999999375,0.20806499554145816
200 - Lime manufacturing,0.0,24.88,24.37,49.25,0.0,25.38,24.09,49.46,0.21000000000000085,0.42639593908629614
281 - Welding and soldering equipment manufacturing,0.0,14.66,7.57,22.23,0.0,14.96,7.48,22.44,0.21000000000000085,0.9446693657220012
277 - Conveyor and conveying equipment manufacturing,0.0,16.15,8.0,24.16,0.0,16.48,7.91,24.39,0.23000000000000043,0.9519867549668891
234 - Metal tank (heavy gauge) manufacturing,0.0,20.16,14.34,34.5,0.0,20.57,14.17,34.74,0.240000000000002,0.6956521739130492
"190 - Brick, tile, and other structural clay product manufacturing",0.0,41.18,49.26,90.44,0.0,42.01,48.69,90.69,0.25,0.2764263600176913
176 - Photographic film and chemical manufacturing,0.0,30.42,30.66,61.08,0.0,31.03,30.31,61.33,0.25,0.4092992796332679
302 - Automatic environmental control manufacturing,0.0,28.36,27.23,55.59,0.0,28.93,26.91,55.84,0.25,0.4497211728728188
178 - Plastics packaging materials and unlaminated film and sheet manufacturing,0.0,371.61,611.71,983.32,0.0,379.06,604.52,983.58,0.2599999999999909,0.026441036488629426
204 - Ground or treated mineral and earth manufacturing,0.0,28.69,26.68,55.37,0.0,29.26,26.37,55.63,0.2600000000000051,0.46956835831678734
24 - Gold ore and silver ore mining,0.0,52.09,67.83,119.91,0.0,53.13,67.04,120.17,0.2600000000000051,0.2168292886331458
311 - Lighting fixture manufacturing,0.0,75.99,106.58,182.58,0.0,77.52,105.34,182.85,0.2699999999999818,0.14788038120275046
128 - Reconstituted wood product manufacturing,0.0,34.61,36.75,71.36,0.0,35.3,36.33,71.63,0.269999999999996,0.378363228699546
295 - Bare printed circuit board manufacturing,0.0,76.75,106.05,182.8,0.0,78.29,104.81,183.1,0.29999999999998295,0.16411378555797754
270 - Turbine and turbine generator set units manufacturing,0.0,17.83,4.89,22.71,0.0,18.18,4.83,23.01,0.3000000000000007,1.321003963011892
148 - Asphalt shingle and coating materials manufacturing,0.0,35.02,33.41,68.43,0.0,35.72,33.02,68.74,0.30999999999998806,0.45301768230306594
40 - Electric power generation - Biomass,0.0,31.88,28.24,60.12,0.0,32.52,27.91,60.43,0.3100000000000023,0.5156353958749207
23 - Iron ore mining,0.0,25.49,16.0,41.5,0.0,26.01,15.82,41.82,0.3200000000000003,0.7710843373493983
197 - Concrete block and brick manufacturing,0.0,48.93,55.48,104.42,0.0,49.91,54.84,104.75,0.3299999999999983,0.3160314116069702
319 - Fiber optic cable manufacturing,0.0,43.24,45.9,89.14,0.0,44.11,45.36,89.47,0.3299999999999983,0.3702041732106779
"286 - Scales, balances, and miscellaneous general purpose machinery manufacturing",0.0,21.36,8.68,30.04,0.0,21.79,8.58,30.37,0.33000000000000185,1.0985352862849596
179 - Unlaminated plastics profile shape manufacturing,0.0,91.9,128.89,220.79,0.0,93.74,127.38,221.12,0.3300000000000125,0.14946329090992008
134 - Prefabricated wood building manufacturing,0.0,42.38,45.09,87.46,0.0,43.23,44.56,87.79,0.3300000000000125,0.3773153441573434
262 - Industrial and commercial fan and blower and air purification equipment manufacturing,0.0,28.43,19.98,48.41,0.0,29.0,19.75,48.75,0.3400000000000034,0.7023342284652002
25 - Other metal ore mining,0.0,36.22,32.64,68.86,0.0,36.94,32.25,69.2,0.3400000000000034,0.49375544583212816
512 - State government electric utilities,0.0,36.07,31.92,67.99,0.0,36.79,31.55,68.34,0.3500000000000085,0.514781585527296
316 - Switchgear and switchboard apparatus manufacturing,0.0,30.3,19.98,50.28,0.0,30.91,19.75,50.65,0.36999999999999744,0.7358790771678548
198 - Concrete pipe manufacturing,0.0,39.66,34.17,73.83,0.0,40.46,33.77,74.23,0.4000000000000057,0.5417851821752753
147 - Asphalt paving mixture and block manufacturing,0.0,39.93,33.35,73.27,0.0,40.73,32.96,73.68,0.4100000000000108,0.5595741776989366
"115 - Rope, cordage, twine, tire cord and tire fabric mills",0.0,52.17,54.41,106.58,0.0,53.22,53.79,107.0,0.4200000000000017,0.39407018202289523
"57 - Maintenance and repair construction of highways, streets, bridges, and tunnels",0.0,61.32,66.1,127.41,0.0,62.55,65.31,127.86,0.45000000000000284,0.35319048740287484
326 - Motor vehicle body manufacturing,0.0,37.49,24.59,62.07,0.0,38.24,24.3,62.54,0.46999999999999886,0.757209602062186
265 - Industrial mold manufacturing,0.0,31.13,11.64,42.76,0.0,31.75,11.5,43.25,0.490000000000002,1.1459307764265716
"217 - Nonferrous metal, except copper and aluminum, shaping",0.0,41.84,28.0,69.84,0.0,42.68,27.67,70.35,0.5099999999999909,0.7302405498281656
"417 - Satellite, telecommunications resellers, and all other telecommunications",0.0,770.65,1259.79,2030.45,0.0,786.1,1244.87,2030.98,0.5299999999999727,0.02610258809623348
32 - Metal mining services,0.0,32.29,8.46,40.75,0.0,32.94,8.36,41.3,0.5499999999999972,1.3496932515337354
342 - Railroad rolling stock manufacturing,0.0,29.25,2.98,32.23,0.0,29.84,2.94,32.78,0.5500000000000043,1.7064846416382384
145 - Support activities for printing,0.0,120.53,160.34,280.86,0.0,122.94,158.47,281.41,0.5500000000000114,0.195827102470986
256 - Oil and gas field machinery and equipment manufacturing,0.0,34.73,9.9,44.63,0.0,35.42,9.78,45.2,0.5700000000000003,1.2771678243334086
201 - Gypsum product manufacturing,0.0,60.04,53.55,113.59,0.0,61.24,52.93,114.17,0.5799999999999983,0.5106083281979032
202 - Abrasive product manufacturing,0.0,45.57,27.13,72.69,0.0,46.48,26.81,73.29,0.6000000000000085,0.8254230293025293
298 - Electronic connector manufacturing,0.0,69.63,68.09,137.71,0.0,71.02,67.3,138.32,0.6099999999999852,0.4429598431486349
317 - Relay and industrial control manufacturing,0.0,60.86,51.03,111.89,0.0,62.08,50.43,112.51,0.6200000000000045,0.5541156492984222
41 - Electric power generation - All other,0.0,65.33,57.88,123.2,0.0,66.63,57.19,123.83,0.6299999999999955,0.5113636363636326
322 - Carbon and graphite product manufacturing,0.0,62.39,51.61,114.0,0.0,63.64,51.0,114.65,0.6500000000000057,0.5701754385964962
154 - Other basic inorganic chemical manufacturing,0.0,133.42,173.24,306.65,0.0,136.09,171.21,307.3,0.6500000000000341,0.21196804174141012
221 - Custom roll forming,0.0,46.13,21.27,67.41,0.0,47.06,21.02,68.08,0.6700000000000017,0.9939178163477255
205 - Mineral wool manufacturing,0.0,49.73,27.59,77.33,0.0,50.73,27.27,78.0,0.6700000000000017,0.8664166558903422
334 - Motor vehicle metal stamping,0.0,140.56,182.88,323.44,0.0,143.38,180.77,324.15,0.7099999999999795,0.21951521147661993
27 - Sand and gravel mining,0.0,80.13,75.78,155.91,0.0,81.74,74.89,156.63,0.7199999999999989,0.46180488743505793
320 - Other communication and energy wire manufacturing,0.0,55.08,32.22,87.3,0.0,56.18,31.84,88.02,0.7199999999999989,0.824742268041236
284 - Fluid power cylinder and actuator manufacturing,0.0,51.51,26.32,77.82,0.0,52.54,26.01,78.55,0.730000000000004,0.9380621948085376
126 - Veneer and plywood manufacturing,0.0,81.09,77.03,158.13,0.0,82.72,76.14,158.86,0.7300000000000182,0.4616454815658118
127 - Engineered wood member and truss manufacturing,0.0,98.69,105.92,204.62,0.0,100.67,104.7,205.37,0.75,0.366533085719871
150 - All other petroleum and coal products manufacturing,0.0,56.04,29.68,85.72,0.0,57.16,29.33,86.49,0.769999999999996,0.8982734484367663
187 - Rubber and plastics hoses and belting manufacturing,0.0,77.34,66.71,144.04,0.0,78.89,65.92,144.81,0.7700000000000102,0.534573729519585
"181 - Laminated plastics plate, sheet (except packaging), and shape manufacturing",0.0,111.8,125.12,236.92,0.0,114.04,123.66,237.7,0.7800000000000011,0.32922505487084297
368 - Sign manufacturing,0.0,148.04,185.77,333.81,0.0,151.01,183.6,334.62,0.8100000000000023,0.24265300620113306
251 - Other fabricated metal manufacturing,0.0,265.19,378.32,643.51,0.0,270.5,373.9,644.4,0.8899999999999864,0.13830398905999694
"222 - Metal crown, closure, and other metal stamping (except automotive)",0.0,168.04,211.45,379.49,0.0,171.41,208.98,380.39,0.8999999999999773,0.23716039948351136
337 - Aircraft manufacturing,0.0,54.39,15.11,69.51,0.0,55.48,14.95,70.43,0.9200000000000017,1.3235505682635615
267 - Cutting tool and machine tool accessory manufacturing,0.0,58.44,21.47,79.91,0.0,59.61,21.22,80.83,0.9200000000000017,1.1512952071079987
338 - Aircraft engine and engine parts manufacturing,0.0,51.7,8.22,59.92,0.0,52.73,8.12,60.86,0.9399999999999977,1.5687583444592752
285 - Fluid power pump and motor manufacturing,0.0,60.51,22.76,83.26,0.0,61.72,22.49,84.21,0.9499999999999886,1.1410040835935487
"266 - Special tool, die, jig, and fixture manufacturing",0.0,59.12,20.4,79.52,0.0,60.31,20.16,80.47,0.9500000000000028,1.1946680080482934
152 - Industrial gas manufacturing,0.0,123.28,129.29,252.57,0.0,125.75,127.77,253.52,0.950000000000017,0.37613334917053376
210 - Steel wire drawing,0.0,71.84,39.6,111.44,0.0,73.28,39.13,112.41,0.9699999999999989,0.8704235463029423
272 - Mechanical power transmission equipment manufacturing,0.0,66.47,26.87,93.34,0.0,67.8,26.56,94.35,1.009999999999991,1.0820655667452228
303 - Industrial process variable instruments manufacturing,0.0,71.15,35.95,107.1,0.0,72.57,35.53,108.11,1.0100000000000051,0.9430438842203596
34 - Electric power generation - Hydroelectric,0.0,109.09,96.65,205.74,0.0,111.27,95.51,206.78,1.039999999999992,0.5054923690094254
250 - Fabricated pipe and pipe fitting manufacturing,0.0,73.75,38.08,111.83,0.0,75.23,37.64,112.87,1.0400000000000063,0.9299830099257858
"279 - Industrial truck, trailer, and stacker manufacturing",0.0,61.23,15.03,76.26,0.0,62.46,14.86,77.32,1.059999999999988,1.3899816417518858
333 - Motor vehicle seating and interior trim manufacturing,0.0,136.4,144.72,281.12,0.0,139.14,143.05,282.19,1.0699999999999932,0.38062037564029355
"271 - Speed changer, industrial high-speed drive, and gear manufacturing",0.0,71.13,30.45,101.58,0.0,72.55,30.1,102.65,1.0700000000000074,1.0533569600315096
509 - Federal electric utilities,0.0,111.7,98.82,210.52,0.0,113.94,97.66,211.6,1.079999999999984,0.5130153904617063
"130 - Cut stock, resawing lumber, and planing",0.0,90.98,58.32,149.3,0.0,92.8,57.64,150.44,1.1399999999999864,0.7635632953784235
224 - Nonferrous forging,0.0,75.5,29.82,105.32,0.0,77.02,29.47,106.49,1.1700000000000017,1.1109001139384749
232 - Ornamental and architectural metal work manufacturing,0.0,163.11,178.65,341.76,0.0,166.38,176.56,342.94,1.1800000000000068,0.34527153558052637
294 - Printed circuit assembly (electronic assembly) manufacturing,0.0,156.69,166.82,323.52,0.0,159.84,164.87,324.71,1.1899999999999977,0.367828882294757
195 - Cement manufacturing,0.0,82.37,38.8,121.17,0.0,84.02,38.35,122.37,1.2000000000000028,0.9903441445902473
125 - Wood preservation,0.0,88.15,45.38,133.52,0.0,89.91,44.85,134.76,1.2399999999999807,0.9286998202516331
"131 - Other millwork, including flooring",0.0,143.22,140.05,283.27,0.0,146.09,138.43,284.52,1.25,0.44127510855367674
299 - Other electronic component manufacturing,0.0,196.12,227.14,423.26,0.0,200.05,224.49,424.54,1.2800000000000296,0.3024145915040471
246 - Ball and roller bearing manufacturing,0.0,96.89,52.2,149.09,0.0,98.83,51.59,150.42,1.329999999999984,0.8920786102354176
209 - Rolled steel shape manufacturing,0.0,100.33,59.02,159.35,0.0,102.34,58.34,160.68,1.3300000000000125,0.8346407279573346
116 - Other textile product mills,0.0,215.15,255.47,470.62,0.0,219.46,252.5,471.96,1.339999999999975,0.2847307806722993
"274 - Measuring, dispensing, and other pumping equipment manufacturing",0.0,98.68,49.45,148.13,0.0,100.66,48.88,149.54,1.4099999999999966,0.9518666036589459
292 - Other communications equipment manufacturing,0.0,101.44,50.33,151.78,0.0,103.48,49.75,153.22,1.4399999999999977,0.9487415996837513
230 - Metal window and door manufacturing,0.0,177.57,178.49,356.06,0.0,181.13,176.41,357.53,1.4699999999999704,0.41285176655619005
199 - Other concrete product manufacturing,0.0,172.58,169.27,341.84,0.0,176.04,167.28,343.32,1.4800000000000182,0.4329510882284163
"216 - Copper rolling, drawing, extruding and alloying",0.0,117.23,72.48,189.71,0.0,119.58,71.63,191.21,1.5,0.7906805123609719
38 - Electric power generation - Wind,0.0,156.93,139.04,295.97,0.0,160.07,137.4,297.47,1.5,0.5068081224448424
141 - Stationery product manufacturing,0.0,121.11,79.4,200.51,0.0,123.54,78.48,202.02,1.5100000000000193,0.7530796469004136
180 - Plastics pipe and pipe fitting manufacturing,0.0,171.97,161.03,333.0,0.0,175.42,159.14,334.56,1.5600000000000023,0.4684684684684691
261 - Commercial and service industry machinery manufacturing,0.0,109.98,52.5,162.49,0.0,112.19,51.9,164.08,1.5900000000000034,0.9785217551849366
237 - Hardware manufacturing,0.0,139.12,99.87,238.99,0.0,141.91,98.72,240.62,1.6299999999999955,0.6820369053098437
"208 - Iron, steel pipe and tube manufacturing from purchased steel",0.0,126.04,74.34,200.38,0.0,128.57,73.47,202.04,1.6599999999999966,0.8284259906178244
321 - Wiring device manufacturing,0.0,137.4,88.82,226.21,0.0,140.15,87.78,227.93,1.7199999999999989,0.760355421953052
188 - Other rubber product manufacturing,0.0,196.84,190.09,386.93,0.0,200.79,187.88,388.67,1.740000000000009,0.44969374305430154
138 - Paperboard mills,0.0,220.14,228.49,448.63,0.0,224.55,225.82,450.37,1.740000000000009,0.38784744667097815
26 - Stone mining and quarrying,0.0,154.88,114.94,269.82,0.0,157.99,113.59,271.58,1.759999999999991,0.6522867096582874
156 - Plastics material and resin manufacturing,0.0,275.03,318.95,593.98,0.0,280.54,315.2,595.75,1.7699999999999818,0.2979898313074484
413 - Radio and television broadcasting,0.0,1641.69,2670.4,4312.08,0.0,1674.6,2639.32,4313.92,1.8400000000001455,0.042670822433724456
149 - Petroleum lubricating oil and grease manufacturing,0.0,150.53,95.83,246.36,0.0,153.55,94.69,248.24,1.8799999999999955,0.763110894625749
177 - Other miscellaneous chemical product manufacturing,0.0,207.65,187.41,395.07,0.0,211.82,185.22,397.03,1.9599999999999795,0.4961146126002935
315 - Motor and generator manufacturing,0.0,120.24,37.19,157.43,0.0,122.65,36.76,159.41,1.9799999999999898,1.2577018357365113
167 - Paint and coating manufacturing,0.0,223.87,199.92,423.79,0.0,228.36,197.6,425.95,2.159999999999968,0.5096864012836471
37 - Electric power generation - Solar,0.0,225.04,199.38,424.42,0.0,229.55,197.03,426.58,2.159999999999968,0.5089298336553338
420 - Internet publishing and broadcasting and web search portals,0.0,1469.84,2328.96,3798.8,0.0,1499.3,2301.86,3801.17,2.369999999999891,0.062388122565017655
31 - Support activities for oil and gas operations,0.0,138.36,29.3,167.66,0.0,141.13,28.96,170.09,2.430000000000007,1.4493618036502487
196 - Ready-mix concrete manufacturing,0.0,256.96,225.93,482.89,0.0,262.11,223.29,485.4,2.509999999999991,0.5197871150779662
223 - Iron and steel forging,0.0,177.22,67.62,244.84,0.0,180.77,66.84,247.61,2.7700000000000102,1.131351086423791
129 - Wood windows and door manufacturing,0.0,301.23,278.64,579.87,0.0,307.27,275.4,582.67,2.7999999999999545,0.4828668494662518
139 - Paperboard container manufacturing,0.0,914.67,1296.9,2211.57,0.0,933.0,1281.64,2214.64,3.069999999999709,0.13881541167585512
175 - Custom compounding of purchased resins,0.0,215.14,100.09,315.23,0.0,219.45,98.91,318.36,3.1299999999999955,0.9929258002093695
21 - Coal mining,0.0,347.89,318.11,665.99,0.0,354.86,314.36,669.22,3.230000000000018,0.48499226715116117
231 - Sheet metal work manufacturing,0.0,338.91,259.93,598.84,0.0,345.7,256.9,602.61,3.769999999999982,0.6295504642308433
238 - Spring and wire product manufacturing,0.0,331.77,174.06,505.83,0.0,338.42,172.02,510.44,4.610000000000014,0.9113733863155633
440 - Specialized design services,0.0,1387.56,2020.71,3408.27,0.0,1415.37,1997.55,3412.92,4.650000000000091,0.13643285303101255
155 - Other basic organic chemical manufacturing,0.0,435.84,333.12,768.96,0.0,444.58,329.21,773.79,4.829999999999927,0.6281210986267072
36 - Electric power generation - Nuclear,0.0,514.96,456.26,971.22,0.0,525.29,450.87,976.16,4.939999999999941,0.5086386194682915
207 - Iron and steel mills and ferroalloy manufacturing,0.0,402.71,238.78,641.49,0.0,410.78,236.0,646.78,5.289999999999964,0.8246426288796339
510 - Other federal government enterprises,0.0,606.36,541.13,1147.48,0.0,618.51,534.9,1153.41,5.930000000000064,0.5167846062676529
206 - Miscellaneous nonmetallic mineral products manufacturing,0.0,308.43,19.04,327.47,0.0,314.62,18.82,333.43,5.9599999999999795,1.8200140470882764
16 - Commercial logging,0.0,510.84,353.1,863.94,0.0,521.08,348.98,870.07,6.1299999999999955,0.709540014352848
339 - Other aircraft parts and auxiliary equipment manufacturing,0.0,328.16,18.32,346.48,0.0,334.73,18.11,352.85,6.3700000000000045,1.838489956130225
151 - Petrochemical manufacturing,0.0,429.29,156.87,586.16,0.0,437.9,155.02,592.92,6.759999999999991,1.1532687320868007
331 - Motor vehicle electrical and electronic equipment manufacturing,0.0,542.87,303.44,846.32,0.0,553.76,299.89,853.64,7.319999999999936,0.86492107004442
186 - Tire manufacturing,0.0,631.03,435.66,1066.69,0.0,643.68,430.57,1074.25,7.559999999999945,0.7087344964328853
124 - Sawmills,0.0,573.97,316.9,890.87,0.0,585.48,313.21,898.68,7.809999999999945,0.876671119242981
228 - Fabricated structural metal manufacturing,0.0,560.61,277.49,838.1,0.0,571.85,274.27,846.13,8.029999999999973,0.9581195561388823
436 - Lessors of nonfinancial intangible assets,0.0,588.2,317.42,905.61,0.0,599.99,313.73,913.72,8.110000000000014,0.8955289804662067
229 - Plate work manufacturing,0.0,566.81,247.28,814.09,0.0,578.17,244.36,822.54,8.449999999999932,1.0379687749511641
35 - Electric power generation - Fossil fuel,0.0,1014.02,898.42,1912.43,0.0,1034.34,887.81,1922.15,9.720000000000027,0.5082538968746583
515 - Local government electric utilities,0.0,1021.8,904.23,1926.04,0.0,1042.29,893.55,1935.84,9.799999999999955,0.5088160162821102
219 - Ferrous metal foundries,0.0,577.03,151.35,728.39,0.0,588.6,149.59,738.19,9.800000000000068,1.3454330784332664
241 - Metal heat treating,0.0,550.23,104.27,654.5,0.0,561.26,103.05,664.31,9.809999999999945,1.498854087089373
332 - Motor vehicle transmission and power train parts manufacturing,0.0,674.23,315.67,989.9,0.0,687.74,312.0,999.74,9.840000000000032,0.9940398020002054
"244 - Valve and fittings, other than plumbing, manufacturing",0.0,643.98,157.57,801.55,0.0,656.88,155.73,812.61,11.06000000000006,1.3798265859896524
"240 - Turned product and screw, nut, and bolt manufacturing",0.0,749.16,242.91,992.08,0.0,764.18,240.08,1004.26,12.17999999999995,1.2277235706797789
43 - Natural gas distribution,0.0,1485.78,1383.45,2869.23,0.0,1515.57,1367.16,2882.73,13.5,0.4705095095199757
220 - Nonferrous metal foundries,0.0,790.55,168.41,958.96,0.0,806.4,166.45,972.84,13.879999999999995,1.4474013514640856
273 - Other engine equipment manufacturing,0.0,770.93,107.19,878.13,0.0,786.39,105.96,892.35,14.220000000000027,1.6193502101055683
"443 - Other computer related services, including facilities management",0.0,1807.77,1876.05,3683.82,0.0,1844.01,1854.24,3698.25,14.429999999999836,0.39171295014413937
513 - Other state government enterprises,0.0,1248.52,854.33,2102.85,0.0,1273.55,844.2,2117.75,14.900000000000091,0.7085621894096151
445 - Environmental and other technical consulting services,0.0,3170.88,3966.92,7137.81,0.0,3234.45,3921.23,7155.68,17.86999999999989,0.25035690218708384
144 - Printing,0.0,3488.61,4052.95,7541.55,0.0,3558.54,4005.9,7564.44,22.889999999999418,0.3035185074686161
132 - Wood container and pallet manufacturing,0.0,1427.82,412.5,1840.32,0.0,1456.45,407.65,1864.1,23.779999999999973,1.2921665797252637
"336 - Motor vehicle steering, suspension component (except spring), and brake systems manufacturing",0.0,1542.01,205.34,1747.35,0.0,1572.93,202.94,1775.87,28.519999999999982,1.632185881477665
185 - Other plastics product manufacturing,0.0,2838.74,2340.78,5179.51,0.0,2895.64,2313.23,5208.88,29.36999999999989,0.5670420561018299
"243 - Electroplating, anodizing, and coloring metal",0.0,1649.63,306.75,1956.38,0.0,1682.7,303.15,1985.85,29.4699999999998,1.5063535713920506
459 - Landscape and horticultural services,0.0,7463.09,10386.86,17849.96,0.0,7612.7,10266.87,17879.57,29.610000000000582,0.16588272466717338
401 - Pipeline transportation,0.0,1748.78,412.23,2161.01,0.0,1783.83,407.39,2191.22,30.20999999999958,1.3979574365689922
42 - Electric power transmission and distribution,0.0,3458.24,3064.54,6522.78,0.0,3527.56,3028.35,6555.91,33.13000000000011,0.5079122705349577
242 - Metal coating and nonprecious engraving,0.0,1871.39,330.89,2202.29,0.0,1908.91,327.01,2235.92,33.63000000000011,1.5270468466914033
"447 - Advertising, public relations, and related services",0.0,6768.12,8424.34,15192.46,0.0,6903.79,8326.17,15229.96,37.5,0.2468329684593542
444 - Management consulting services,0.0,9245.6,12710.04,21955.64,0.0,9430.94,12563.19,21994.13,38.4900000000016,0.175308030191794
460 - Other support services,0.0,4602.2,4235.53,8837.72,0.0,4694.45,4186.22,8880.67,42.95000000000073,0.48598507307315386
330 - Motor vehicle gasoline engine and engine parts manufacturing,0.0,2464.43,259.85,2724.27,0.0,2513.83,256.82,2770.65,46.38000000000011,1.7024744243412038
453 - Facilities support services,0.0,3165.5,1296.86,4462.36,0.0,3228.95,1281.83,4510.79,48.43000000000029,1.0853001550748997
146 - Petroleum refineries,0.0,2841.7,535.42,3377.12,0.0,2898.67,529.11,3427.78,50.66000000000031,1.5000947552944612
421 - Nondepository credit intermediation and related activities,0.0,8956.01,11059.24,20015.26,0.0,9135.55,10931.31,20066.86,51.60000000000218,0.257803296085098
"439 - Architectural, engineering, and related services",0.0,5766.45,5259.49,11025.94,0.0,5882.04,5198.16,11080.2,54.26000000000022,0.49211223714259483
442 - Computer systems design services,0.0,6027.63,5259.74,11287.37,0.0,6148.46,5198.56,11347.03,59.659999999999854,0.5285553676365694
"450 - All other miscellaneous professional, scientific, and technical services",0.0,5400.02,3945.92,9345.94,0.0,5508.27,3900.27,9408.55,62.60999999999876,0.6699165626999398
461 - Waste management and remediation services,0.0,5801.17,4571.44,10372.61,0.0,5917.46,4517.85,10435.31,62.69999999999891,0.6044765975005221
335 - Other motor vehicle parts manufacturing,0.0,3612.49,697.19,4309.68,0.0,3684.9,689.04,4373.95,64.26999999999953,1.4912940171892002
239 - Machine shops,0.0,4727.82,1241.18,5968.99,0.0,4822.59,1226.67,6049.26,80.27000000000044,1.3447836233600734
496 - Electronic and precision equipment repair and maintenance,0.0,6237.9,3820.59,10058.49,0.0,6362.95,3776.22,10139.17,80.68000000000029,0.8021084675731674
"378 - Wholesale - Machinery, equipment, and supplies",0.0,5944.3,3288.86,9233.16,0.0,6063.46,3250.39,9313.85,80.69000000000051,0.8739153225981193
396 - Air transportation,0.0,8177.09,7008.45,15185.54,0.0,8341.01,6929.75,15270.75,85.20999999999913,0.5611259132042662
455 - Business support services,0.0,9713.04,8815.0,18528.03,0.0,9907.75,8712.31,18620.06,92.03000000000247,0.49670688141158276
498 - Personal and household goods repair and maintenance,0.0,7657.9,4247.45,11905.35,0.0,7811.41,4198.23,12009.64,104.28999999999905,0.8759927259593298
458 - Services to buildings,0.0,13652.76,14479.25,28132.0,0.0,13926.44,14311.42,28237.86,105.86000000000058,0.37629745485568245
432 - Automotive equipment rental and leasing,0.0,8103.28,3438.11,11541.39,0.0,8265.72,3398.69,11664.41,123.02000000000044,1.0659028072008696
382 - Wholesale - Petroleum and petroleum products,0.0,7067.35,1214.1,8281.45,0.0,7209.03,1199.85,8408.87,127.42000000000007,1.5386194446624692
375 - Wholesale - Motor vehicle and motor vehicle parts and supplies,0.0,8040.11,2420.72,10460.82,0.0,8201.28,2392.42,10593.71,132.88999999999942,1.2703593026168065
441 - Custom computer programming services,0.0,9783.87,5108.26,14892.13,0.0,9980.0,5048.61,15028.6,136.47000000000116,0.916390066431069
384 - Wholesale - Wholesale electronic markets and agents and brokers,0.0,9950.01,4618.41,14568.41,0.0,10149.46,4564.39,14713.86,145.45000000000073,0.998393098491879
497 - Commercial and industrial machinery and equipment repair and maintenance,0.0,11332.89,5174.34,16507.23,0.0,11560.07,5114.12,16674.19,166.95999999999913,1.0114355951907081
516 - Other local government enterprises,0.0,14085.02,9667.81,23752.83,0.0,14367.37,9553.11,23920.48,167.64999999999782,0.7058106339328737
433 - General and consumer goods rental except video tapes and discs,0.0,11861.87,2547.33,14409.2,0.0,12099.66,2517.76,14617.41,208.20999999999913,1.4449795963689802
55 - Maintenance and repair construction of nonresidential structures,0.0,16570.4,9364.49,25934.89,0.0,16902.57,9254.79,26157.36,222.47000000000116,0.8578019802667418
20 - Oil and gas extraction,0.0,13462.41,2829.68,16292.09,0.0,13732.27,2796.33,16528.61,236.52000000000044,1.451747443084346
"438 - Accounting, tax preparation, bookkeeping, and payroll services",0.0,21972.88,16720.63,38693.5,0.0,22413.35,16527.84,38941.19,247.69000000000233,0.6401333557315888
435 - Commercial and industrial machinery and equipment rental and leasing,0.0,13835.93,2197.42,16033.35,0.0,14113.28,2171.99,16285.27,251.92000000000007,1.5712249779366139
397 - Rail transportation,0.0,14112.8,1491.81,15604.61,0.0,14395.71,1474.35,15870.06,265.4499999999989,1.7010998672828022
452 - Office administrative services,0.0,22966.53,8897.72,31864.25,0.0,23426.91,8794.48,32221.4,357.15000000000146,1.1208485999199775
457 - Investigation and security services,0.0,28327.22,12575.32,40902.54,0.0,28895.07,12429.24,41324.31,421.7699999999968,1.0311584561741074
"427 - Insurance agencies, brokerages, and related activities",0.0,34198.79,20942.05,55140.83,0.0,34884.34,20697.65,55581.98,441.15000000000146,0.8000423642516833
"426 - Insurance carriers, except direct life",0.0,36330.0,16324.71,52654.71,0.0,37058.27,16133.26,53191.54,536.8300000000017,1.0195289272317742
451 - Management of companies and enterprises,0.0,45054.28,29793.91,74848.19,0.0,45957.44,29446.89,75404.33,556.1399999999994,0.7430239796045828
508 - Postal service,0.0,33965.2,6361.68,40326.88,0.0,34646.07,6287.54,40933.6,606.7200000000012,1.5045051836393026
"494 - Automotive repair and maintenance, except car washes",0.0,48788.58,26535.36,75323.94,0.0,49766.59,26224.29,75990.89,666.9499999999971,0.8854422644381016
429 - Other real estate,0.0,77420.82,68237.3,145658.11,0.0,78972.8,67445.29,146418.09,759.9800000000105,0.5217560491482489
391 - Retail - Gasoline stores,0.0,67047.88,14452.66,81500.55,0.0,68391.93,14283.18,82675.11,1174.5599999999977,1.4411681884355352
454 - Employment services,0.0,137640.4,40506.68,178147.08,0.0,140399.54,40035.5,180435.04,2287.960000000021,1.2843095716191482
404 - Warehousing and storage,0.0,129181.1,18496.06,147677.16,0.0,131770.66,18279.55,150050.22,2373.0599999999977,1.6069241851617388
402 - Scenic and sightseeing transportation and support activities for transportation,0.0,261574.03,10076.03,271650.05,0.0,266817.55,9959.55,276777.1,5127.049999999988,1.8873731111037855
403 - Couriers and messengers,0.0,525549.4,28014.29,553563.7,0.0,536084.58,27686.71,563771.29,10207.590000000084,1.843977486240533
