Industry,Pre_Out_Direct,Pre_Out_Indirect,Pre_Out_Induced,Pre_Out_Total,Post_Out_Direct,Post_Out_Indirect,Post_Out_Induced,Post_Out_Total,Change_Output,PctChange_Output
431 - Owner-occupied housing,0.0,0.0,37675499551.03,37675499551.03,0.0,0.0,37242201295.85,37242201295.85,-433298255.1800003,-1.1500796547982453
472 - Hospitals,0.0,0.0,20069814972.87,20069814972.87,0.0,0.0,19835684726.2,19835684726.2,-234130246.66999817,-1.1665789992906814
465 - Offices of physicians,0.0,0.0,11246330962.72,11246330962.72,0.0,0.0,11115029454.1,11115029454.1,-131301508.61999893,-1.1675052873265506
492 - Limited-service restaurants,0.0,483019011.84,9791099022.88,10274118034.72,0.0,492701626.23,9675749642.89,10168451269.12,-105666765.59999847,-1.02847529338199
430 - Tenant-occupied housing,0.0,0.0,7919460524.76,7919460524.76,0.0,0.0,7824270128.59,7824270128.59,-95190396.17000008,-1.2019808151374658
491 - Full-service restaurants,0.0,1119419840.68,8787479792.49,9906899633.17,0.0,1141859766.23,8686283894.56,9828143660.78,-78755972.38999939,-0.7949608384676765
424 - Other financial investment activities,0.0,721596799.76,8055512494.8,8777109294.56,0.0,736061952.04,7967151963.06,8703213915.09,-73895379.46999931,-0.841910212007947
389 - Retail - Food and beverage stores,0.0,334124971.72,5209861304.54,5543986276.26,0.0,340822851.47,5148761709.84,5489584561.31,-54401714.94999981,-0.9812743437507112
410 - Software publishers,0.0,867717677.42,5933794782.07,6801512459.49,0.0,885111973.43,5864624623.31,6749736596.74,-51775862.75,-0.7612404308362074
468 - Outpatient care centers,0.0,0.0,3935614357.13,3935614357.13,0.0,0.0,3889926768.43,3889926768.43,-45687588.700000286,-1.1608756487339733
383 - Wholesale - Other nondurable goods merchant wholesalers,0.0,1105445682.64,5457910528.53,6563356211.17,0.0,1127605481.77,5393712784.12,6521318265.88,-42037945.28999996,-0.6404946484308852
"428 - Funds, trusts, and other financial vehicles",0.0,88392636.21,3669083921.23,3757476557.44,0.0,90164557.79,3626457201.12,3716621758.91,-40854798.53000021,-1.0872935041765084
473 - Nursing and community care facilities,0.0,0.0,3157273949.49,3157273949.49,0.0,0.0,3118810561.23,3118810561.23,-38463388.25999975,-1.2182467810945836
394 - Retail - General merchandise stores,0.0,822380501.33,4682145683.56,5504526184.89,0.0,838865966.88,4627239048.74,5466105015.62,-38421169.27000046,-0.6979923063217883
164 - Pharmaceutical preparation manufacturing,0.0,4921302.16,3121241561.32,3126162863.48,0.0,5019954.74,3083946449.17,3088966403.91,-37196459.57000017,-1.189843945897099
381 - Wholesale - Grocery and related product wholesalers,0.0,149225811.71,3382401043.3,3531626855.01,0.0,152217197.06,3342597639.5,3494814836.56,-36812018.450000286,-1.0423529993769982
390 - Retail - Health and personal care stores,0.0,15850335.29,3125482342.1,3141332677.39,0.0,16168071.62,3088826580.83,3104994652.45,-36338024.94000006,-1.1567709845425151
475 - Individual and family services,0.0,0.0,3214780186.9,3214780186.9,0.0,0.0,3178462866.8,3178462866.8,-36317320.099999905,-1.1296983926923025
392 - Retail - Clothing and clothing accessories stores,0.0,14023335.76,3048870585.18,3062893920.94,0.0,14304447.99,3013113005.19,3027417453.18,-35476467.76000023,-1.1582662891933433
"489 - Hotels and motels, including casino hotels",0.0,691215062.17,4307420321.41,4998635383.58,0.0,705071181.17,4259007096.55,4964078277.72,-34557105.85999966,-0.6913307974715694
466 - Offices of dentists,0.0,589.21,2844606054.91,2844606644.11,0.0,601.02,2811095530.35,2811096131.37,-33510512.740000248,-1.1780367879469948
380 - Wholesale - Drugs and druggistsâ€™ sundries,0.0,491693407.42,3551720374.2,4043413781.62,0.0,501549909.02,3509884288.7,4011434197.72,-31979583.900000095,-0.7909055473216353
"463 - Junior colleges, colleges, universities, and professional schools",0.0,36480880.75,2950503324.31,2986984205.06,0.0,37212177.63,2917913239.69,2955125417.32,-31858787.73999977,-1.066587084258111
467 - Offices of other health practitioners,0.0,0.0,2699549740.89,2699549740.89,0.0,0.0,2668424728.99,2668424728.99,-31125011.900000095,-1.1529704909137426
385 - Retail - Motor vehicle and parts dealers,0.0,2228224175.55,6432699265.46,8660923441.01,0.0,2272891227.87,6357275346.3,8630166574.17,-30756866.840000153,-0.35512225745310844
503 - Religious organizations,0.0,0.0,2624827934.09,2624827934.09,0.0,0.0,2595092429.97,2595092429.97,-29735504.120000362,-1.1328553667769976
470 - Home health care services,0.0,0.0,2311229435.01,2311229435.01,0.0,0.0,2284236497.41,2284236497.41,-26992937.60000038,-1.167903851998302
464 - Other educational services,0.0,46161012.92,2338321297.81,2384482310.72,0.0,47086358.04,2311988478.8,2359074836.84,-25407473.879999638,-1.0655341734251655
395 - Retail - Miscellaneous store retailers,0.0,43417043.94,1953919201.26,1997336245.19,0.0,44287383.37,1931009841.22,1975297224.59,-22039020.600000143,-1.1034206510333286
425 - Direct life insurance carriers,0.0,21243437.72,1929918971.58,1951162409.3,0.0,21669284.34,1908059898.79,1929729183.13,-21433226.169999838,-1.098484988632455
502 - Other personal services,0.0,53114728.94,1932507196.83,1985621925.77,0.0,54179468.48,1910042624.45,1964222092.92,-21399832.849999905,-1.0777395521406377
"504 - Grantmaking, giving, and social advocacy organizations",0.0,752074.35,1857919699.95,1858671774.3,0.0,767150.45,1836880420.76,1837647571.22,-21024203.079999924,-1.131141246706558
376 - Wholesale - Professional and commercial equipment and supplies,0.0,577610066.07,2711706644.92,3289316710.99,0.0,589188855.73,2679918662.74,3269107518.47,-20209192.51999998,-0.6143887711535546
485 - Gambling industries (except casino hotels),0.0,1690587.45,1514334124.92,1516024712.37,0.0,1724477.02,1495939074.15,1497663551.17,-18361161.19999981,-1.21113864768707
499 - Personal care services,0.0,0.0,1556061009.73,1556061009.73,0.0,0.0,1537975955.14,1537975955.14,-18085054.589999914,-1.1622330022354292
476 - Child day care services,0.0,0.0,1434156718.13,1434156718.13,0.0,0.0,1417828154.28,1417828154.28,-16328563.850000143,-1.1385480849882983
422 - Securities and commodity contracts intermediation and brokerage,0.0,1592491834.8,4304547139.21,5897038974.01,0.0,1624414976.5,4256651750.85,5881066727.35,-15972246.659999847,-0.2708519772447541
"84 - Animal, except poultry, slaughtering",0.0,23885522.28,1376305919.25,1400191441.53,0.0,24364332.22,1359993007.43,1384357339.65,-15834101.879999876,-1.1308526398860024
386 - Retail - Furniture and home furnishings stores,0.0,34953774.5,1406881890.65,1441835665.15,0.0,35654458.97,1390386399.8,1426040858.78,-15794806.370000124,-1.0954650902158758
446 - Scientific research and development services,0.0,721583909.3,2645982848.53,3367566757.82,0.0,736048803.17,2615729251.19,3351778054.36,-15788703.460000038,-0.4688460421263001
"11 - Beef cattle ranching and farming, including feedlots and dual-purpose ranching and farming",0.0,19678665.48,1360626111.4,1380304776.88,0.0,20073144.63,1344476553.92,1364549698.55,-15755078.330000162,-1.1414202568806922
83 - Poultry processing,0.0,22498866.41,1360424202.76,1382923069.17,0.0,22949879.39,1344329137.32,1367279016.71,-15644052.460000038,-1.1312308550459897
400 - Transit and ground passenger transportation,0.0,372878167.57,1985398679.1,2358276846.67,0.0,380352895.11,1962298244.01,2342651139.12,-15625707.55000019,-0.6625900420497466
437 - Legal services,0.0,2113312971.04,4972623370.66,7085936341.69,0.0,2155676509.72,4915126868.45,7070803378.16,-15132963.529999733,-0.21356335705367785
"474 - Residential mental health, substance abuse, and other residential care facilities",0.0,0.0,1225638724.08,1225638724.08,0.0,0.0,1210772008.49,1210772008.49,-14866715.589999914,-1.2129769807297255
56 - Maintenance and repair construction of residential structures,0.0,117228452.47,1490770678.06,1607999130.52,0.0,119578417.73,1473576833.13,1593155250.86,-14843879.660000086,-0.9231273436820718
493 - All other food and drinking places,0.0,1526386025.23,3919596632.77,5445982658.01,0.0,1556984007.79,3874402759.1,5431386766.89,-14595891.119999886,-0.26801207489216144
506 - Labor and civic organizations,0.0,18431.81,1246924702.0,1246943133.81,0.0,18801.3,1232525373.46,1232544174.76,-14398959.049999952,-1.1547406340820319
388 - Retail - Building material and garden equipment and supplies stores,0.0,412380489.65,1905713208.75,2318093698.4,0.0,420647081.99,1883419660.96,2304066742.96,-14026955.440000057,-0.60510735392973
"477 - Community food, housing, and other relief services, including rehabilitation services",0.0,0.0,1227655378.59,1227655378.59,0.0,0.0,1213782452.52,1213782452.52,-13872926.069999933,-1.1300342353351165
469 - Medical and diagnostic laboratories,0.0,104931.54,1201477327.32,1201582258.85,0.0,107035.0,1187677556.24,1187784591.24,-13797667.609999895,-1.148291555436683
462 - Elementary and secondary schools,0.0,0.0,1214649745.1,1214649745.1,0.0,0.0,1201131165.83,1201131165.83,-13518579.26999998,-1.1129611087093276
85 - Meat processed from carcasses,0.0,2339337.93,1124950187.03,1127289524.96,0.0,2386232.37,1111518840.71,1113905073.08,-13384451.880000114,-1.1873127163560788
99 - Bottled and canned soft drinks and water,0.0,10816954.73,1130728560.52,1141545515.26,0.0,11033791.75,1117254496.1,1128288287.85,-13257227.410000086,-1.1613402385432352
411 - Motion picture and video industries,0.0,311124191.43,1654922369.63,1966046561.06,0.0,317360996.82,1635642561.43,1953003558.25,-13043002.809999943,-0.6634127120045299
415 - Wired telecommunications carriers,0.0,1093347850.36,2923890085.34,4017237935.71,0.0,1115265135.96,2889147243.52,4004412379.48,-12825556.23000002,-0.31926304678125195
486 - Other amusement and recreation industries,0.0,29396304.14,1165982411.56,1195378715.71,0.0,29985583.38,1152908351.56,1182893934.95,-12484780.75999999,-1.044420533503025
"88 - Bread and bakery product, except frozen, manufacturing",0.0,14801047.29,1040710107.83,1055511155.13,0.0,15097749.56,1028396639.92,1043494389.48,-12016765.649999976,-1.138478318452253
449 - Veterinary services,0.0,890077.72,986101041.75,986991119.47,0.0,907920.25,974431074.16,975338994.41,-11652125.060000062,-1.1805704053605959
482 - Promoters of performing arts and sports and agents for public figures,0.0,271390597.03,1485747424.68,1757138021.71,0.0,276830901.53,1468765655.95,1745596557.48,-11541464.23000002,-0.6568331051631432
13 - Poultry and egg production,0.0,14058414.66,988181354.37,1002239769.03,0.0,14340230.09,976480204.92,990820435.01,-11419334.01999998,-1.139381450713334
77 - Cheese manufacturing,0.0,27620822.78,1008010051.51,1035630874.29,0.0,28174510.67,996113172.6,1024287683.27,-11343191.01999998,-1.0952928598016702
324 - Automobile and light duty motor vehicle manufacturing,0.0,111168043.81,1138149953.55,1249317997.36,0.0,113396521.93,1125075039.88,1238471561.8,-10846435.559999943,-0.8681885302957391
"393 - Retail - Sporting goods, hobby, musical instrument and book stores",0.0,24403538.4,932105226.75,956508765.16,0.0,24892732.51,921176171.16,946068903.66,-10439861.5,-1.0914548700715432
471 - Other ambulatory health care services,0.0,1176159.73,845994741.86,847170901.59,0.0,1199737.06,836183996.62,837383733.69,-9787167.899999976,-1.1552766840351902
59 - Other animal food manufacturing,0.0,19467624.53,788622782.54,808090407.07,0.0,19857873.15,779300358.33,799158231.48,-8932175.590000033,-1.1053435991631926
64 - Soybean and other oilseed processing,0.0,78828054.28,870165751.1,948993805.38,0.0,80408243.95,859893446.17,940301690.12,-8692115.25999999,-0.9159296099429708
98 - All other food manufacturing,0.0,4875066.82,743512576.5,748387643.32,0.0,4972792.57,734725727.91,739698520.47,-8689122.850000024,-1.1610457398058183
2 - Grain farming,0.0,87550092.28,862999949.85,950550042.13,0.0,89305124.2,852798304.0,942103428.2,-8446613.929999948,-0.8886027621515549
"418 - Data processing, hosting, and related services",0.0,2382957027.17,4815876695.18,7198833722.34,0.0,2430725859.12,4759755273.37,7190481132.5,-8352589.840000153,-0.1160269866225653
79 - Fluid milk manufacturing,0.0,10193760.19,720104265.63,730298025.82,0.0,10398104.63,711577747.7,721975852.33,-8322173.49000001,-1.1395585357985363
12 - Dairy cattle and milk production,0.0,14616535.23,691802966.86,706419502.09,0.0,14909538.76,683629304.62,698538843.38,-7880658.710000038,-1.115577739103247
416 - Wireless telecommunications carriers (except satellite),0.0,1342807754.44,2932313423.57,4275121178.0,0.0,1369725721.17,2897522255.56,4267247976.73,-7873201.269999981,-0.18416323051884217
104 - Tobacco manufacturing,0.0,29481.65,620654781.92,620684263.57,0.0,30072.64,613021631.18,613051703.82,-7632559.75,-1.229700863704789
387 - Retail - Electronics and appliance stores,0.0,12761871.62,622367543.3,635129414.92,0.0,13017696.5,615070170.76,628087867.26,-7041547.659999967,-1.108679191135701
487 - Fitness and recreational sports centers,0.0,12634122.41,649424606.66,662058729.06,0.0,12887386.43,642143354.39,655030740.82,-7027988.23999989,-1.0615354698182629
58 - Dog and cat food manufacturing,0.0,142564.23,596227204.79,596369769.02,0.0,145422.08,589220050.11,589365472.18,-7004296.840000033,-1.1744889167521058
479 - Commercial Sports Except Racing,0.0,155083902.43,875692414.44,1030776316.87,0.0,158192719.25,865614506.89,1023807226.14,-6969090.730000019,-0.6761011691811066
172 - Toilet preparation manufacturing,0.0,4475213.52,576340238.85,580815452.37,0.0,4564923.79,569523608.5,574088532.29,-6726920.080000043,-1.158185453322746
93 - Other snack food manufacturing,0.0,8382294.44,554663942.08,563046236.53,0.0,8550326.18,548116838.89,556667165.08,-6379071.4499999285,-1.1329569467178282
398 - Water transportation,0.0,135600437.45,803247645.21,938848082.66,0.0,138318688.11,794251124.77,932569812.89,-6278269.769999981,-0.6687205188950288
478 - Performing arts companies,0.0,58098899.28,636742067.92,694840967.21,0.0,59263551.66,629516166.75,688779718.41,-6061248.8000000715,-0.8723217377838051
101 - Breweries,0.0,11934928.31,520459005.18,532393933.49,0.0,12174176.26,514275625.19,526449801.46,-5944132.030000031,-1.1164913151873246
495 - Car washes,0.0,33757883.69,517103564.78,550861448.47,0.0,34434595.29,511040192.19,545474787.48,-5386660.99000001,-0.977861312488156
"14 - Animal production, except cattle and poultry and eggs",0.0,11355080.71,472122212.76,483477293.47,0.0,11582705.02,466545179.64,478127884.66,-5349408.810000002,-1.1064446835975215
74 - Canned fruits and vegetables manufacturing,0.0,6801728.39,445260187.2,452061915.59,0.0,6938076.06,439998134.38,446936210.43,-5125705.159999967,-1.1338502499840648
507 - Private households,0.0,0.0,441199830.46,441199830.46,0.0,0.0,436303749.84,436303749.84,-4896080.620000005,-1.1097195152807053
73 - Frozen specialties manufacturing,0.0,2368100.71,416385341.75,418753442.45,0.0,2415571.73,411461374.06,413876945.79,-4876496.659999967,-1.1645269425056082
3 - Vegetable and melon farming,0.0,1770864.52,408262392.05,410033256.57,0.0,1806363.33,403426723.08,405233086.41,-4800170.159999967,-1.1706782518457723
456 - Travel arrangement and reservation services,0.0,449022839.56,1160014322.32,1609037161.88,0.0,458023965.6,1146380367.34,1604404332.94,-4632828.940000057,-0.28792554017752187
505 - Business and professional associations,0.0,362864267.3,1008532958.32,1371397225.62,0.0,370138255.89,996911949.41,1367050205.3,-4347020.319999933,-0.3169774766049037
484 - Amusement parks and arcades,0.0,5898989.55,371023743.0,376922732.54,0.0,6017240.88,366617187.64,372634428.52,-4288304.0200000405,-1.1377143509233567
102 - Wineries,0.0,28533792.18,408844417.54,437378209.72,0.0,29105781.48,404176884.44,433282665.92,-4095543.800000012,-0.9363849659135716
63 - Wet corn milling,0.0,60445942.99,440555869.41,501001812.4,0.0,61657644.28,435351558.44,497009202.71,-3992609.6899999976,-0.7969251989077232
"78 - Dry, condensed, and evaporated dairy product manufacturing",0.0,6269442.55,345785150.27,352054592.82,0.0,6395120.0,341699029.4,348094149.4,-3960443.4200000167,-1.124951499219591
"483 - Museums, historical sites, zoos, and parks",0.0,22243.32,336103004.65,336125247.97,0.0,22689.21,332225381.72,332248070.93,-3877177.0400000215,-1.1534917604124961
407 - Book publishers,0.0,73846849.54,448291084.44,522137933.97,0.0,75327185.82,443092445.72,518419631.54,-3718302.430000007,-0.7121302989285675
60 - Flour milling,0.0,3048989.62,318056585.95,321105575.57,0.0,3110109.76,314285343.91,317395453.67,-3710121.899999976,-1.1554212017072814
4 - Fruit farming,0.0,7000538.55,323034741.7,330035280.26,0.0,7140871.57,319236406.28,326377277.85,-3658002.4099999666,-1.1083670833973303
103 - Distilleries,0.0,14436317.03,332154328.53,346590645.56,0.0,14725707.9,328252365.24,342978073.14,-3612572.4200000167,-1.0423167694451312
163 - Medicinal and botanical manufacturing,0.0,25138983.5,341789725.99,366928709.49,0.0,25642920.36,337744488.87,363387409.23,-3541300.2599999905,-0.9651194274010609
"72 - Frozen fruits, juices and vegetables manufacturing",0.0,3255750.97,301031247.12,304286998.09,0.0,3321015.86,297472702.57,300793718.43,-3493279.6599999666,-1.1480213357544602
1 - Oilseed farming,0.0,37127558.94,355648295.36,392775854.29,0.0,37871819.16,351451254.36,389323073.52,-3452780.7700000405,-0.879071544823306
500 - Death care services,0.0,0.0,272131091.14,272131091.14,0.0,0.0,268839761.74,268839761.74,-3291329.399999976,-1.2094646687418475
19 - Support activities for agriculture and forestry,0.0,24578863.77,309451284.81,334030148.57,0.0,25071572.45,305797359.04,330868931.48,-3161217.089999974,-0.9463867568641048
169 - Soap and other detergent manufacturing,0.0,89489768.0,411716124.49,501205892.49,0.0,91283682.72,406809897.4,498093580.12,-3112312.370000005,-0.620964840324997
377 - Wholesale - Household appliances and electrical and electronic goods,0.0,1019001812.79,1996845928.06,3015847740.85,0.0,1039428755.37,1973410022.86,3012838778.22,-3008962.6300001144,-0.09977170230590139
65 - Fats and oils refining and blending,0.0,39863389.92,318086515.87,357949905.79,0.0,40662492.69,314326212.5,354988705.19,-2961200.600000024,-0.8272667633379079
95 - Flavoring syrup and concentrate manufacturing,0.0,10380430.07,262718505.29,273098935.36,0.0,10588516.5,259619640.93,270208157.43,-2890777.930000007,-1.0585094102213812
"6 - Greenhouse, nursery, and floriculture production",0.0,27820934.0,289429679.86,317250613.86,0.0,28378633.32,286049089.26,314427722.58,-2822891.280000031,-0.8897985241553382
490 - Other accommodations,0.0,6957409.97,262629563.52,269586973.48,0.0,7096878.43,259695500.49,266792378.92,-2794594.560000032,-1.0366207698857364
97 - Spice and extract manufacturing,0.0,4271956.42,243389876.03,247661832.44,0.0,4357592.19,240519486.67,244877078.86,-2784753.5799999833,-1.1244177403373747
501 - Dry-cleaning and laundry services,0.0,117048784.93,426466131.64,543514916.58,0.0,119395148.58,421466206.09,540861354.67,-2653561.910000086,-0.48822246254018087
"90 - Dry pasta, mixes, and dough manufacturing",0.0,1033169.41,224500323.82,225533493.23,0.0,1053880.36,221833059.02,222886939.38,-2646553.849999994,-1.1734637778616002
142 - Sanitary paper product manufacturing,0.0,44892248.29,288971595.53,333863843.83,0.0,45792159.72,285569303.77,331361463.49,-2502380.339999974,-0.7495212153832866
235 - Metal cans manufacturing,0.0,34536130.77,257445638.65,291981769.42,0.0,35228443.14,254383427.07,289611870.21,-2369899.210000038,-0.8116599932617936
87 - Seafood product preparation and packaging,0.0,7592876.22,215447183.39,223040059.62,0.0,7745083.26,212929365.2,220674448.46,-2365611.1599999964,-1.0606216497746452
66 - Breakfast cereal manufacturing,0.0,203665.49,193562733.69,193766399.18,0.0,207748.18,191257640.48,191465388.66,-2301010.5200000107,-1.1875178202916794
184 - Plastics bottle manufacturing,0.0,27961961.49,241156527.73,269118489.22,0.0,28522487.86,238300845.7,266823333.56,-2295155.660000026,-0.8528420572856937
448 - Photographic services,0.0,40413753.37,268249190.29,308662943.66,0.0,41223888.75,265148772.46,306372661.22,-2290282.4399999976,-0.7420011008910746
374 - All other miscellaneous manufacturing,0.0,23067946.03,230537955.5,253605901.53,0.0,23530366.81,227834290.27,251364657.08,-2241244.449999988,-0.8837509050375402
360 - Surgical appliance and supplies manufacturing,0.0,3237466.9,196896373.24,200133840.14,0.0,3302365.26,194591574.73,197893939.99,-2239900.149999976,-1.1192011048371904
162 - Pesticide and other agricultural chemical manufacturing,0.0,15735662.89,213562391.21,229298054.11,0.0,16051100.49,211032696.7,227083797.19,-2214256.9200000167,-0.9656675581458629
92 - Roasted nuts and peanut butter manufacturing,0.0,3526055.13,190951539.11,194477594.23,0.0,3596738.54,188697384.88,192294123.42,-2183470.8100000024,-1.1227364358578544
69 - Nonchocolate confectionery manufacturing,0.0,1250359.69,183494458.09,184744817.78,0.0,1275424.44,181309362.97,182584787.41,-2160030.370000005,-1.1691967309049165
89 - Cookie and cracker manufacturing,0.0,980321.28,181618488.02,182598809.3,0.0,999972.83,179461930.28,180461903.11,-2136906.1899999976,-1.17027389071808
71 - Confectionery manufacturing from purchased chocolate,0.0,1054497.06,178114520.56,179169017.63,0.0,1075635.54,175992499.15,177068134.69,-2100882.9399999976,-1.1725704409109996
94 - Coffee and tea manufacturing,0.0,21775181.25,214634672.59,236409853.84,0.0,22211687.22,212106819.13,234318506.35,-2091347.4900000095,-0.8846278850184537
"96 - Mayonnaise, dressing, and sauce manufacturing",0.0,3641718.45,182236224.75,185877943.2,0.0,3714720.45,180087577.76,183802298.22,-2075644.9799999893,-1.1166709423756898
344 - Boat building,0.0,1766930.63,203310502.3,205077432.93,0.0,1802350.57,201216416.22,203018766.8,-2058666.1299999952,-1.0038482053277353
137 - Paper mills,0.0,154938021.34,433686490.04,588624511.39,0.0,158043913.82,428570376.13,586614289.95,-2010221.439999938,-0.3415116769862209
119 - Cut and sew apparel manufacturing (except contractors),0.0,5617478.2,179495092.57,185112570.77,0.0,5730086.34,177405163.8,183135250.15,-1977320.6200000048,-1.0681719840932902
329 - Travel trailer and camper manufacturing,0.0,10890134.49,197479199.17,208369333.65,0.0,11108438.47,195325796.8,206434235.27,-1935098.3799999952,-0.9286867439190447
412 - Sound recording industries,0.0,86141619.29,303218294.6,389359913.9,0.0,87868416.92,299682497.52,387550914.44,-1808999.4599999785,-0.46460855250358085
10 - All other crop farming,0.0,40583798.91,218255343.79,258839142.69,0.0,41397343.02,215680344.77,257077687.8,-1761454.8899999857,-0.6805210648180832
405 - Newspaper publishers,0.0,85991312.63,295874082.71,381865395.34,0.0,87715097.21,292418509.37,380133606.57,-1731788.769999981,-0.4535076472320973
318 - Battery manufacturing,0.0,81028630.59,283723073.53,364751704.12,0.0,82652933.08,280370659.27,363023592.35,-1728111.769999981,-0.47377757265568465
75 - Canned specialties,0.0,2124558.58,146292753.38,148417311.96,0.0,2167147.55,144564609.43,146731756.98,-1685554.980000019,-1.1356862334592701
414 - Cable and other subscription programming,0.0,671936546.03,1297428618.47,1969365164.5,0.0,685406207.29,1282291107.33,1967697314.62,-1667849.8800001144,-0.08468972184869346
365 - Sporting and athletic goods manufacturing,0.0,587921.69,140954173.03,141542094.72,0.0,599707.19,139340917.43,139940624.62,-1601470.099999994,-1.1314443969251962
423 - Monetary authorities and depository credit intermediation,0.0,6654616860.8,11449899178.67,18104516039.47,0.0,6788015520.92,11314906652.29,18102922173.21,-1593866.2600021362,-0.008803694373974527
359 - Surgical and medical instrument manufacturing,0.0,4774716.26,135477838.75,140252555.02,0.0,4870430.38,133896077.43,138766507.81,-1486047.2100000083,-1.0595509007219854
349 - Upholstered household furniture manufacturing,0.0,153267.74,125621318.94,125774586.69,0.0,156340.15,124199855.97,124356196.13,-1418390.5600000024,-1.127724286223216
68 - Sugar cane mills and refining,0.0,1225784.61,119874606.41,121100391.02,0.0,1250356.72,118449058.44,119699415.17,-1400975.849999994,-1.156871450372625
81 - Ice cream and frozen dessert manufacturing,0.0,3686181.33,122147695.47,125833876.79,0.0,3760074.63,120713211.5,124473286.13,-1360590.6600000113,-1.0812594308531525
80 - Creamery butter manufacturing,0.0,2154364.49,117178645.31,119333009.79,0.0,2197550.94,115792614.19,117990165.13,-1342844.6600000113,-1.1252918721845064
313 - Major household appliance manufacturing,0.0,26186303.43,158040117.3,184226420.73,0.0,26711234.9,156197184.98,182908419.88,-1318000.849999994,-0.7154244460579517
406 - Periodical publishers,0.0,133452224.69,340235312.34,473687537.03,0.0,136127412.21,336269038.89,472396451.1,-1291085.9299999475,-0.2725606711324937
514 - Local government passenger transit,0.0,31796539.83,164504192.13,196300731.96,0.0,32433934.27,162590152.83,195024087.11,-1276644.849999994,-0.6503515484904736
357 - Mattress manufacturing,0.0,384524.26,110163041.6,110547565.86,0.0,392232.44,108905331.02,109297563.46,-1250002.400000006,-1.1307371539804303
170 - Polish and other sanitation good manufacturing,0.0,38149348.12,165690638.69,203839986.81,0.0,38914091.16,163717390.43,202631481.59,-1208505.2199999988,-0.592869553669296
328 - Motor home manufacturing,0.0,86062.1,110779957.25,110866019.34,0.0,87787.3,109570259.52,109658046.82,-1207972.5200000107,-1.0895786889357353
"419 - News syndicates, libraries, archives and all other information services",0.0,29089527.17,146972146.2,176061673.37,0.0,29672656.76,145253419.04,174926075.79,-1135597.580000013,-0.6449998788853457
165 - In-vitro diagnostic substance manufacturing,0.0,145816.93,96958433.94,97104250.87,0.0,148739.98,95827214.82,95975954.81,-1128296.0600000024,-1.1619430147404444
362 - Ophthalmic goods manufacturing,0.0,358232.35,94905639.58,95263871.93,0.0,365413.49,93798577.02,94163990.51,-1099881.4200000018,-1.154563002444616
"481 - Independent artists, writers, and performers",0.0,433205847.01,841828838.89,1275034685.9,0.0,441889905.12,832059251.8,1273949156.93,-1085528.9700000286,-0.08513721093272013
364 - Jewelry and silverware manufacturing,0.0,1278840.85,100154778.55,101433619.41,0.0,1304476.54,99047760.42,100352236.95,-1081382.4599999934,-1.0660986626425988
91 - Tortilla manufacturing,0.0,561794.1,91884947.91,92446742.0,0.0,573055.84,90794299.83,91367355.68,-1079386.3199999928,-1.1675763760284736
70 - Chocolate and confectionery manufacturing from cacao beans,0.0,564055.08,91541388.35,92105443.43,0.0,575362.15,90451175.48,91026537.63,-1078905.800000012,-1.171381147325976
"366 - Doll, toy, and game manufacturing",0.0,2352348.82,93288760.58,95641109.4,0.0,2399504.08,92202745.06,94602249.14,-1038860.2600000054,-1.086206827291367
293 - Audio and video equipment manufacturing,0.0,1415741.55,87922090.13,89337831.68,0.0,1444121.55,86887270.49,88331392.03,-1006439.650000006,-1.126554821259801
363 - Dental laboratories,0.0,218.9,85323513.0,85323731.9,0.0,223.29,84318370.22,84318593.51,-1005138.3900000006,-1.1780290988420778
76 - Dehydrated food products manufacturing,0.0,1197381.85,86596532.74,87793914.59,0.0,1221384.6,85573488.36,86794872.96,-999041.6300000101,-1.1379394969065477
296 - Semiconductor and related device manufacturing,0.0,668105033.22,1224348815.15,1892453848.37,0.0,681497887.86,1209966310.34,1891464198.19,-989650.1799998283,-0.052294547676934346
183 - Urethane and other foam product (except polystyrene) manufacturing,0.0,45764813.2,163469281.72,209234094.93,0.0,46682216.1,161563128.1,208245344.19,-988750.7400000095,-0.4725571806692402
"44 - Water, sewage and other systems",0.0,83701890.11,225048047.17,308749937.28,0.0,85379780.84,222394701.24,307774482.08,-975455.1999999881,-0.3159369710625608
82 - Frozen cakes and other pastries manufacturing,0.0,1176030.36,83685878.04,84861908.4,0.0,1199605.11,82695732.55,83895337.65,-966570.75,-1.1389924740367965
"249 - Small arms, ordnance, and accessories manufacturing",0.0,22959325.39,119233824.37,142193149.76,0.0,23419568.75,117870729.4,141290298.16,-902851.599999994,-0.6349473244835406
287 - Electronic computer manufacturing,0.0,11047658.47,95913300.21,106960958.69,0.0,11269120.19,94789400.96,106058521.14,-902437.549999997,-0.8437074247020261
348 - Wood kitchen cabinet and countertop manufacturing,0.0,45713782.74,152948429.46,198662212.21,0.0,46630162.68,151181200.06,197811362.74,-850849.4699999988,-0.42828953756972704
488 - Bowling centers,0.0,8938.7,75463183.31,75472122.01,0.0,9117.89,74617972.47,74627090.36,-845031.650000006,-1.1196606475276258
86 - Rendering and meat byproduct processing,0.0,3035851.36,73307151.61,76343002.97,0.0,3096708.13,72436539.35,75533247.48,-809755.4899999946,-1.060680689123794
5 - Tree nut farming,0.0,505219.89,68606524.51,69111744.4,0.0,515347.54,67796303.09,68311650.63,-800093.7700000107,-1.1576813419283492
182 - Polystyrene foam product manufacturing,0.0,46741347.85,146951794.93,193693142.78,0.0,47678326.38,145220922.53,192899248.91,-793893.8700000048,-0.40987195447684127
9 - Sugarcane and sugar beet farming,0.0,744355.92,67977698.24,68722054.17,0.0,759277.31,67169509.07,67928786.37,-793267.799999997,-1.154313283531462
193 - Glass container manufacturing,0.0,13421803.96,90185073.71,103606877.68,0.0,13690857.87,89124908.33,102815766.2,-791111.4800000042,-0.7635704286383665
67 - Beet sugar manufacturing,0.0,683912.91,66636305.6,67320218.51,0.0,697622.64,65843834.8,66541457.44,-778761.0700000077,-1.1568011620228589
347 - All other transportation equipment manufacturing,0.0,9638162.49,87469538.15,97107700.64,0.0,9831369.4,86508408.01,96339777.41,-767923.2300000042,-0.7907954003018438
350 - Nonupholstered wood household furniture manufacturing,0.0,436884.49,68163345.18,68600229.66,0.0,445642.29,67391830.82,67837473.1,-762756.5600000024,-1.1118863067666331
312 - Small electrical appliance manufacturing,0.0,1860507.91,65592528.38,67453036.29,0.0,1897803.71,64819023.83,66716827.54,-736208.7500000075,-1.0914390077784406
143 - All other converted paper product manufacturing,0.0,10052783.98,76503285.57,86556069.55,0.0,10254302.41,75603032.8,85857335.21,-698734.3400000036,-0.8072620945390463
140 - Paper bag and coated and treated paper manufacturing,0.0,118375295.22,254532993.77,372908288.99,0.0,120748250.13,251545799.68,372294049.81,-614239.1800000072,-0.16471588273450224
17 - Commercial fishing,0.0,2735572.66,54894764.86,57630337.52,0.0,2790410.04,54252331.14,57042741.18,-587596.3400000036,-1.0195955208419254
61 - Rice milling,0.0,370452.75,49509156.03,49879608.77,0.0,377878.86,48922467.16,49300346.02,-579262.75,-1.1613217591000764
112 - Carpet and rug mills,0.0,1116553.27,53211189.54,54327742.81,0.0,1138935.73,52614580.26,53753515.99,-574226.8200000003,-1.056967932586928
"345 - Motorcycle, bicycle, and parts manufacturing",0.0,5611469.46,53256878.86,58868348.32,0.0,5723957.15,52612843.12,58336800.28,-531548.0399999991,-0.902943695839026
159 - Nitrogenous fertilizer manufacturing,0.0,43140903.97,118723753.17,161864657.14,0.0,44005707.89,117328654.43,161334362.32,-530294.8199999928,-0.32761618834513717
166 - Biological product (except diagnostic) manufacturing,0.0,302339.35,42526414.53,42828753.88,0.0,308400.06,42019843.31,42328243.37,-500510.51000000536,-1.1686319695463558
122 - Footwear manufacturing,0.0,233000.75,40517114.12,40750114.87,0.0,237671.49,40039174.37,40276845.86,-473269.0099999979,-1.1613930697123405
480 - Racing and Track Operation,0.0,164961.43,40766041.69,40931003.11,0.0,168268.25,40298496.45,40466764.7,-464238.4099999964,-1.1341974902310095
"308 - Watch, clock, and other measuring and controlling device manufacturing",0.0,4127911.21,47892027.2,52019938.41,0.0,4210659.45,47350357.3,51561016.75,-458921.6599999964,-0.8822033897521419
247 - Small arms ammunition manufacturing,0.0,19101310.0,71591566.66,90692876.66,0.0,19484215.46,70772535.09,90256750.55,-436126.1099999994,-0.48088243097084643
"408 - Directory, mailing list, and other publishers",0.0,32998716.74,93525796.79,126524513.52,0.0,33660210.06,92430002.32,126090212.38,-434301.1400000006,-0.3432545424735814
106 - Broadwoven fabric mills,0.0,7362249.8,49466242.04,56828491.84,0.0,7509833.69,48895027.87,56404861.56,-423630.2800000012,-0.7454540254081132
113 - Curtain and linen mills,0.0,788983.36,37448361.48,38237344.83,0.0,804799.34,37016669.45,37821468.79,-415876.0399999991,-1.0876174636312976
118 - Cut and sew apparel contractors,0.0,1113632.64,36242440.41,37356073.05,0.0,1135956.55,35820450.84,36956407.39,-399665.6599999964,-1.06988135360228
203 - Cut stone and stone product manufacturing,0.0,2246053.1,36747733.2,38993786.3,0.0,2291077.55,36304876.95,38595954.5,-397831.799999997,-1.020244089505094
351 - Other household nonupholstered furniture manufacturing,0.0,98827.81,33788840.72,33887668.53,0.0,100808.91,33406324.21,33507133.12,-380535.41000000015,-1.1229318112077276
158 - Artificial and synthetic fibers and filaments manufacturing,0.0,56212060.92,129222039.62,185434100.55,0.0,57338889.67,127724492.56,185063382.23,-370718.32000002265,-0.19991917284925864
300 - Electromedical and electrotherapeutic apparatus manufacturing,0.0,71974.28,31338492.73,31410467.01,0.0,73417.08,30969700.02,31043117.11,-367349.90000000224,-1.1695142892432984
120 - Apparel accessories and other apparel manufacturing,0.0,950550.3,32971210.24,33921760.54,0.0,969605.06,32587427.85,33557032.92,-364727.6199999973,-1.0752025077528518
434 - Video tape and disc rental,0.0,33415.7,27795931.39,27829347.1,0.0,34085.56,27472701.52,27506787.08,-322560.0200000033,-1.1590642742747035
110 - Textile and fabric finishing mills,0.0,9528155.54,43972700.84,53500856.38,0.0,9719157.25,43462547.57,53181704.82,-319151.5600000024,-0.5965354231587767
194 - Glass product manufacturing made of purchased glass,0.0,37849017.42,91110792.1,128959809.52,0.0,38607740.02,90045558.69,128653298.72,-306510.799999997,-0.23767932128688604
108 - Nonwoven fabric mills,0.0,16609662.95,54781348.85,71391011.79,0.0,16942620.78,54143250.92,71085871.7,-305140.0900000036,-0.42742087883218044
123 - Other leather and allied product manufacturing,0.0,970186.19,23616661.45,24586847.65,0.0,989634.58,23338316.66,24327951.24,-258896.41000000015,-1.0529874089003035
379 - Wholesale - Other durable goods merchant wholesalers,0.0,1630605333.46,2809426167.05,4440031500.52,0.0,1663292499.57,2776490263.34,4439782762.91,-248737.61000061035,-0.005602158677736388
100 - Manufactured ice,0.0,182251.68,20741542.64,20923794.32,0.0,185905.1,20494335.74,20680240.84,-243553.48000000045,-1.1640024570839906
62 - Malt manufacturing,0.0,343812.77,20662135.77,21005948.54,0.0,350704.85,20416949.86,20767654.71,-238293.8299999982,-1.1344111861753527
"105 - Fiber, yarn, and thread mills",0.0,15490699.29,46989460.15,62480159.44,0.0,15801226.33,46446664.28,62247890.61,-232268.8299999982,-0.3717481390601238
18 - Commercial hunting and trapping,0.0,20994.96,18889646.58,18910641.54,0.0,21415.83,18666167.01,18687582.83,-223058.7100000009,-1.1795406809873934
367 - Office supplies (except paper) manufacturing,0.0,12940895.03,40106671.87,53047566.9,0.0,13200308.62,39635593.38,52835902.01,-211664.8900000006,-0.3990096103729135
358 - Blind and shade manufacturing,0.0,138853.07,18685050.29,18823903.37,0.0,141636.52,18471645.84,18613282.37,-210621.0,-1.1189018338017531
288 - Computer storage device manufacturing,0.0,556027.72,18459131.6,19015159.33,0.0,567173.87,18242742.88,18809916.76,-205242.56999999657,-1.079362872738004
263 - Heating equipment (except warm air furnaces) manufacturing,0.0,7071452.61,29616816.13,36688268.74,0.0,7213207.17,29273202.15,36486409.32,-201859.4200000018,-0.5502015410716864
"236 - Metal barrels, drums and pails manufacturing",0.0,15804152.24,43584189.23,59388341.48,0.0,16120962.78,43067383.11,59188345.88,-199995.59999999404,-0.33675902545173086
160 - Phosphatic fertilizer manufacturing,0.0,18344718.56,47966941.36,66311659.91,0.0,18712457.36,47403805.17,66116262.53,-195397.37999999523,-0.29466519201177277
"225 - Cutlery, utensil, pot, and pan manufacturing",0.0,18182473.8,47218455.9,65400929.69,0.0,18546960.24,46664307.17,65211267.41,-189662.2800000012,-0.289999363768985
"372 - Broom, brush, and mop manufacturing",0.0,3609754.96,20996220.03,24605974.99,0.0,3682116.22,20749861.34,24431977.56,-173997.4299999997,-0.7071348730164654
117 - Apparel knitting mills,0.0,335200.33,14699435.18,15034635.51,0.0,341919.77,14528274.32,14870194.09,-164441.41999999993,-1.0937506259504919
"189 - Pottery, ceramics, and plumbing fixture manufacturing",0.0,2659757.95,18182173.12,20841931.06,0.0,2713075.54,17968933.94,20682009.48,-159921.5799999982,-0.7673069234305308
114 - Textile bag and canvas mills,0.0,21725068.72,51358678.13,73083746.85,0.0,22160570.14,50766175.38,72926745.52,-157001.3299999982,-0.21482386545155382
192 - Other pressed and blown glass and glassware manufacturing,0.0,10023663.02,30606933.55,40630596.57,0.0,10224597.69,30249910.37,40474508.05,-156088.52000000328,-0.3841649721561134
168 - Adhesive manufacturing,0.0,49133192.68,96665376.84,145798569.52,0.0,50118118.22,95532881.83,145651000.05,-147569.4699999988,-0.10121462129966637
"264 - Air conditioning, refrigeration, and warm air heating equipment manufacturing",0.0,51227865.29,100672051.8,151899917.09,0.0,52254780.7,99497989.53,151752770.23,-147146.8600000143,-0.09687092845009945
511 - State government passenger transit,0.0,3578890.84,18515931.3,22094822.14,0.0,3650633.4,18300494.72,21951128.13,-143694.01000000164,-0.6503515126282055
161 - Fertilizer mixing,0.0,12425523.18,32957989.29,45383512.47,0.0,12674605.61,32571059.3,45245664.92,-137847.54999999702,-0.3037392711529739
370 - Musical instrument manufacturing,0.0,931366.14,12394942.06,13326308.2,0.0,950036.33,12249313.01,13199349.34,-126958.8599999994,-0.9526934098672535
"371 - Fasteners, buttons, needles, and pins manufacturing",0.0,409960.49,10597803.2,11007763.69,0.0,418178.57,10473280.67,10891459.24,-116304.44999999925,-1.056567467065595
8 - Cotton farming,0.0,2942304.69,14745349.82,17687654.5,0.0,3001286.22,14573955.02,17575241.24,-112413.26000000164,-0.6355464485130102
343 - Ship building and repairing,0.0,7281491.75,23103660.43,30385152.18,0.0,7427456.77,22847506.77,30274963.54,-110188.6400000006,-0.3626397503203178
361 - Dental equipment and supplies manufacturing,0.0,77065.85,8986114.58,9063180.43,0.0,78610.71,8880312.23,8958922.94,-104257.49000000022,-1.1503411060304825
121 - Leather and hide tanning and finishing,0.0,924611.21,10152470.88,11077082.08,0.0,943145.99,10032242.29,10975388.29,-101693.79000000097,-0.9180557593196147
409 - Greeting card publishing,0.0,47066.29,8509745.75,8556812.04,0.0,48009.78,8409313.22,8457323.01,-99489.02999999933,-1.1626880377285855
310 - Electric lamp bulb and part manufacturing,0.0,4749795.2,16483190.78,21232985.98,0.0,4845009.75,16288857.9,21133867.65,-99118.33000000194,-0.46681295835340597
"213 - Aluminum sheet, plate, and foil manufacturing",0.0,54002879.92,100831022.86,154833902.79,0.0,55085423.36,99651193.85,154736617.21,-97285.57999998331,-0.06283222101036294
373 - Burial casket manufacturing,0.0,380.37,7244021.3,7244401.67,0.0,388.0,7158421.92,7158809.92,-85591.75,-1.1814881876918346
111 - Fabric coating mills,0.0,5869617.23,17389994.75,23259611.98,0.0,5987279.76,17189321.73,23176601.5,-83010.48000000045,-0.35688677898572774
"356 - Showcase, partition, shelving, and locker manufacturing",0.0,7900791.71,20787494.82,28688286.54,0.0,8059171.23,20548169.03,28607340.26,-80946.27999999747,-0.2821579458471118
282 - Packaging machinery manufacturing,0.0,1370605.39,9041188.75,10411794.14,0.0,1398080.59,8936705.47,10334786.06,-77008.08000000007,-0.7396235361987292
226 - Handtool manufacturing,0.0,32982523.65,62489786.83,95472310.48,0.0,33643692.36,61755244.74,95398937.1,-73373.38000001013,-0.0768530473716573
109 - Knit fabric mills,0.0,1128577.56,7962462.05,9091039.61,0.0,1151201.06,7870177.6,9021378.66,-69660.94999999925,-0.7662594487364605
171 - Surface active agent manufacturing,0.0,27640755.36,51764529.99,79405285.36,0.0,28194842.82,51150887.68,79345730.5,-59554.859999999404,-0.0750011283631755
269 - Rolling mill and other metalworking machinery manufacturing,0.0,2571248.39,9479526.91,12050775.29,0.0,2622791.71,9372266.85,11995058.57,-55716.71999999881,-0.4623496717778297
107 - Narrow fabric mills and schiffli machine embroidery,0.0,917917.22,6335091.0,7253008.22,0.0,936317.82,6261387.47,7197705.29,-55302.9299999997,-0.7624826599189999
"248 - Ammunition, except for small arms, manufacturing",0.0,1499746.82,6220580.71,7720327.53,0.0,1529810.8,6149419.14,7679229.93,-41097.60000000056,-0.5323297468961211
"301 - Search, detection, and navigation instruments manufacturing",0.0,1934104.43,7164592.35,9098696.78,0.0,1972875.55,7088465.02,9061340.57,-37356.20999999903,-0.4105665998466105
"346 - Military armored vehicle, tank, and tank component manufacturing",0.0,2957953.84,7889573.39,10847527.23,0.0,3017249.08,7799273.57,10816522.65,-31004.580000000075,-0.28582163789599513
7 - Tobacco farming,0.0,10341.88,2422012.1,2432353.98,0.0,10549.19,2392320.27,2402869.46,-29484.52000000002,-1.2121804738305408
306 - Analytical laboratory instrument manufacturing,0.0,3171694.85,7795146.04,10966840.89,0.0,3235274.75,7704272.25,10939547.0,-27293.890000000596,-0.24887650211911297
307 - Irradiation apparatus manufacturing,0.0,8112.23,1583082.37,1591194.59,0.0,8274.84,1564631.09,1572905.93,-18288.66000000015,-1.1493666528868822
136 - Pulp mills,0.0,5894717.39,11443199.25,17337916.64,0.0,6012883.08,11308620.57,17321503.64,-16413.0,-0.09466535305709026
191 - Flat glass manufacturing,0.0,8949203.48,16708280.01,25657483.49,0.0,9128599.5,16513180.95,25641780.45,-15703.039999999106,-0.06120257275472618
"22 - Copper, nickel, lead, and zinc mining",0.0,56425578.03,99186035.54,155611613.57,0.0,57556686.95,98043954.16,155600641.11,-10972.459999978542,-0.007051183229998906
"214 - Other aluminum rolling, drawing and extruding",0.0,46136404.4,79624362.07,125760766.47,0.0,47061256.22,78689760.76,125751016.98,-9749.489999994636,-0.007752409812419804
258 - Food product machinery manufacturing,0.0,1130118.71,2522128.94,3652247.65,0.0,1152773.11,2492526.55,3645299.66,-6947.989999999758,-0.1902387424357644
352 - Institutional furniture manufacturing,0.0,409943.78,1144969.65,1554913.43,0.0,418161.52,1131634.76,1549796.28,-5117.149999999907,-0.32909549183068715
"355 - Office furniture, except wood, manufacturing",0.0,245499.05,817493.45,1062992.51,0.0,250420.33,808104.05,1058524.38,-4468.130000000121,-0.42033504074267847
"314 - Power, distribution, and specialty transformer manufacturing",0.0,746029.63,1578028.9,2324058.53,0.0,760984.56,1559809.18,2320793.75,-3264.779999999795,-0.14047752919543707
"297 - Capacitor, resistor, coil, transformer, and other inductor manufacturing",0.0,9211907.62,16067137.22,25279044.84,0.0,9396569.81,15879346.74,25275916.56,-3128.280000001192,-0.012374992883636153
354 - Custom architectural woodwork and millwork,0.0,554430.95,1182965.37,1737396.32,0.0,565545.09,1169304.98,1734850.07,-2546.25,-0.14655550784175714
353 - Wood office furniture manufacturing,0.0,77290.83,328999.08,406289.91,0.0,78840.2,325230.28,404070.49,-2219.4199999999837,-0.5462651041469339
340 - Guided missile and space vehicle manufacturing,0.0,149874.3,370094.42,519968.72,0.0,152878.69,365848.3,518726.99,-1241.7299999999814,-0.23880859602477272
46 - Construction of new manufacturing structures,0.0,0.0,0.0,0.0,0.0,0.0,0.0,0.0,0.0,
520 - * Not an industry (Noncomparable foreign imports),0.0,0.0,0.0,0.0,0.0,0.0,0.0,0.0,0.0,
"522 - * Employment and payroll of state govt, hospitals and health services",0.0,0.0,0.0,0.0,0.0,0.0,0.0,0.0,0.0,
"523 - * Employment and payroll of state govt, other services",0.0,0.0,0.0,0.0,0.0,0.0,0.0,0.0,0.0,
"526 - * Employment and payroll of local govt, other services",0.0,0.0,0.0,0.0,0.0,0.0,0.0,0.0,0.0,
"528 - * Employment and payroll of federal govt, non-military",0.0,0.0,0.0,0.0,0.0,0.0,0.0,0.0,0.0,
"527 - * Employment and payroll of federal govt, military",0.0,0.0,0.0,0.0,0.0,0.0,0.0,0.0,0.0,
47 - Construction of new power and communication structures,0.0,0.0,0.0,0.0,0.0,0.0,0.0,0.0,0.0,
45 - Construction of new health care structures,0.0,0.0,0.0,0.0,0.0,0.0,0.0,0.0,0.0,
518 - * Not an industry (Scrap),0.0,0.0,0.0,0.0,0.0,0.0,0.0,0.0,0.0,
"524 - * Employment and payroll of local govt, education",0.0,0.0,0.0,0.0,0.0,0.0,0.0,0.0,0.0,
"525 - * Employment and payroll of local govt, hospitals and health services",0.0,0.0,0.0,0.0,0.0,0.0,0.0,0.0,0.0,
54 - Construction of other new residential structures,0.0,0.0,0.0,0.0,0.0,0.0,0.0,0.0,0.0,
52 - Construction of new single-family residential structures,0.0,0.0,0.0,0.0,0.0,0.0,0.0,0.0,0.0,
519 - * Not an industry (Rest of world adjustment),0.0,0.0,0.0,0.0,0.0,0.0,0.0,0.0,0.0,
53 - Construction of new multifamily residential structures,0.0,0.0,0.0,0.0,0.0,0.0,0.0,0.0,0.0,
"521 - * Employment and payroll of state govt, education",0.0,0.0,0.0,0.0,0.0,0.0,0.0,0.0,0.0,
48 - Construction of new educational and vocational structures,0.0,0.0,0.0,0.0,0.0,0.0,0.0,0.0,0.0,
49 - Construction of new highways and streets,0.0,0.0,0.0,0.0,0.0,0.0,0.0,0.0,0.0,
Industry Display,0.0,0.0,0.0,0.0,0.0,0.0,0.0,0.0,0.0,
517 - * Not an industry (Used and secondhand goods),0.0,0.0,0.0,0.0,0.0,0.0,0.0,0.0,0.0,
"50 - Construction of new commercial structures, including farm structures",0.0,0.0,0.0,0.0,0.0,0.0,0.0,0.0,0.0,
51 - Construction of other new nonresidential structures,0.0,0.0,0.0,0.0,0.0,0.0,0.0,0.0,0.0,
291 - Broadcast and wireless communications equipment manufacturing,0.0,11811144.01,20262384.62,32073528.64,0.0,12047910.58,20025819.58,32073730.16,201.51999999955297,0.000628306296639374
"259 - Sawmill, woodworking, and paper machinery",0.0,689002.45,1141152.16,1830154.61,0.0,702814.21,1127784.41,1830598.62,444.0100000000093,0.024260791824577556
33 - Other nonmetallic minerals services,0.0,79553.48,58887.96,138441.44,0.0,81148.21,58196.99,139345.2,903.7600000000093,0.6528103145994504
257 - Semiconductor machinery manufacturing,0.0,1936760.31,3189674.18,5126434.48,0.0,1975584.67,3152519.92,5128104.58,1670.0999999996275,0.03257819848308346
133 - Manufactured home (mobile home) manufacturing,0.0,396722.92,479123.01,875845.93,0.0,404675.64,473538.83,878214.46,2368.5299999999115,0.27042769953842355
30 - Drilling oil and gas wells,0.0,139635.06,30409.42,170044.48,0.0,142434.19,30051.46,172485.64,2441.1600000000035,1.4356008498482298
280 - Power-driven handtool manufacturing,0.0,6227602.51,9941400.52,16169003.04,0.0,6352441.23,9824633.73,16177074.96,8071.920000001788,0.04992218741027455
341 - Propulsion units and parts for space vehicles and guided missiles manufacturing,0.0,751223.02,535967.15,1287190.17,0.0,766282.06,529737.68,1296019.74,8829.570000000065,0.6859569165292854
325 - Heavy duty truck manufacturing,0.0,1651233.7,1944164.03,3595397.73,0.0,1684334.38,1922051.6,3606385.98,10988.25,0.3056198736599859
275 - Air and gas compressor manufacturing,0.0,1243046.06,1134727.71,2377773.77,0.0,1267964.2,1121504.33,2389468.54,11694.770000000019,0.4918369504934028
"15 - Forestry, forest products, and timber tract production",0.0,6003771.32,9228203.58,15231974.9,0.0,6124123.11,9119937.04,15244060.15,12085.25,0.07934132034316838
276 - Elevator and moving stairway manufacturing,0.0,1046422.07,721022.31,1767444.38,0.0,1067398.68,712632.24,1780030.92,12586.540000000037,0.7121321690473812
305 - Electricity and signal testing instruments manufacturing,0.0,2264938.42,2796392.42,5061330.84,0.0,2310341.45,2763805.47,5074146.92,12816.080000000075,0.2532156147295061
252 - Farm machinery and equipment manufacturing,0.0,7375122.18,10885953.85,18261076.03,0.0,7522964.11,10757528.65,18280492.76,19416.730000000447,0.10632850971159583
327 - Truck trailer manufacturing,0.0,1418265.3,474753.9,1893019.2,0.0,1446695.89,469255.44,1915951.34,22932.14000000013,1.2114055684168512
"278 - Overhead cranes, hoists, and monorail systems manufacturing",0.0,1808817.34,847779.33,2656596.68,0.0,1845076.95,837868.77,2682945.72,26349.040000000037,0.9918344097305745
233 - Power boiler and heat exchanger manufacturing,0.0,3680313.9,3525767.59,7206081.49,0.0,3754089.59,3484265.85,7238355.43,32273.93999999948,0.4478708719126555
290 - Telephone apparatus manufacturing,0.0,9374135.29,12834495.59,22208630.88,0.0,9562049.5,12683915.92,22245965.42,37334.54000000283,0.16810824675205208
"28 - Other clay, ceramic, refractory minerals mining",0.0,5457037.13,6110728.64,11567765.77,0.0,5566429.07,6038998.7,11605427.77,37662.0,0.32557713173682284
283 - Industrial process furnace and oven manufacturing,0.0,2484198.61,637015.44,3121214.06,0.0,2533996.94,629553.55,3163550.48,42336.419999999925,1.3564087302618368
135 - All other miscellaneous wood product manufacturing,0.0,34383949.9,54732881.96,89116831.86,0.0,35073211.64,54093731.65,89166943.29,50111.43000000715,0.05623116189625185
"369 - Gasket, packing, and sealing device manufacturing",0.0,22037779.54,33290730.66,55328510.2,0.0,22479549.56,32900022.29,55379571.86,51061.659999996424,0.09228815273612123
255 - Mining machinery and equipment manufacturing,0.0,3162363.75,929868.57,4092232.32,0.0,3225756.59,918955.52,4144712.11,52479.79000000004,1.2824245032110013
309 - Manufacturing and reproducing magnetic and optical media,0.0,30479110.72,48065048.54,78544159.26,0.0,31090095.94,47509014.47,78599110.41,54951.14999999106,0.06996210859943076
227 - Prefabricated metal buildings and components manufacturing,0.0,13879584.63,19091685.55,32971270.19,0.0,14157815.23,18869377.01,33027192.24,55922.04999999702,0.16960841871647958
268 - Machine tool manufacturing,0.0,4852468.39,3431620.51,8284088.9,0.0,4949741.12,3391896.35,8341637.48,57548.580000000075,0.6946881026349206
29 - Other nonmetallic mineral mining and quarrying,0.0,13895135.34,18549306.78,32444442.12,0.0,14173677.66,18331593.28,32505270.94,60828.8200000003,0.18748610247332032
174 - Explosives manufacturing,0.0,7923811.25,8279404.27,16203215.52,0.0,8082652.22,8182799.04,16265451.26,62235.74000000022,0.384094995978923
253 - Lawn and garden equipment manufacturing,0.0,7067556.23,6706488.84,13774045.07,0.0,7209232.69,6628350.11,13837582.8,63537.73000000045,0.46128591620762316
41 - Electric power generation - All other,0.0,7396301.98,6553123.28,13949425.26,0.0,7544568.48,6475727.61,14020296.09,70870.83000000007,0.508055555544803
260 - All other industrial machinery manufacturing,0.0,7383521.74,6447817.52,13831339.26,0.0,7531532.05,6372504.45,13904036.51,72697.25,0.5255980540527931
302 - Automatic environmental control manufacturing,0.0,8876777.42,8523142.8,17399920.22,0.0,9054721.58,8423747.59,17478469.17,78548.95000000298,0.45143281697186416
"190 - Brick, tile, and other structural clay product manufacturing",0.0,13395477.22,16024987.67,29420464.89,0.0,13664003.38,15837456.62,29501460.0,80995.1099999994,0.2753019379633583
277 - Conveyor and conveying equipment manufacturing,0.0,5710989.89,2829173.58,8540163.47,0.0,5825472.58,2795904.31,8621376.88,81213.41000000015,0.9509584949431904
289 - Computer terminals and other computer peripheral equipment manufacturing,0.0,23242673.34,32571887.19,55814560.53,0.0,23708596.7,32192258.78,55900855.48,86294.94999999553,0.15461010385204502
145 - Support activities for printing,0.0,19496531.39,25936576.26,45433107.65,0.0,19887359.48,25635226.54,45522586.01,89478.3599999994,0.19694527763609715
234 - Metal tank (heavy gauge) manufacturing,0.0,7733130.07,5497410.62,13230540.69,0.0,7888148.64,5433059.27,13321207.91,90667.22000000067,0.6852873372630145
153 - Synthetic dye and pigment manufacturing,0.0,29903349.96,43518323.08,73421673.04,0.0,30502793.46,43010586.43,73513379.89,91706.84999999404,0.1249043316542682
295 - Bare printed circuit board manufacturing,0.0,24417015.58,33739679.98,58156695.56,0.0,24906479.85,33344765.11,58251244.96,94549.39999999851,0.16257698118775046
281 - Welding and soldering equipment manufacturing,0.0,6805317.13,3512897.75,10318214.88,0.0,6941736.73,3471952.82,10413689.55,95474.66999999993,0.9253022069259322
"57 - Maintenance and repair construction of highways, streets, bridges, and tunnels",0.0,13257413.04,14290573.79,27547986.82,0.0,13523171.56,14121320.99,27644492.55,96505.73000000045,0.35031862992593243
323 - All other miscellaneous electrical equipment and component manufacturing,0.0,8150949.85,5595998.29,13746948.14,0.0,8314344.05,5530517.73,13844861.77,97913.62999999896,0.7122572152221631
215 - Nonferrous metal (exc aluminum) smelting and refining,0.0,14211905.3,15559701.94,29771607.25,0.0,14496797.61,15377541.61,29874339.22,102731.96999999881,0.3450669261398335
254 - Construction machinery manufacturing,0.0,7776959.48,4426930.53,12203890.01,0.0,7932856.65,4375087.78,12307944.44,104054.4299999997,0.8526332990115149
304 - Totalizing fluid meter and counting device manufacturing,0.0,10387515.85,8615158.22,19002674.07,0.0,10595744.32,8514203.78,19109948.1,107274.03000000119,0.5645207069533303
265 - Industrial mold manufacturing,0.0,7210167.4,2695987.62,9906155.02,0.0,7354702.64,2664442.08,10019144.72,112989.70000000112,1.140600967498297
262 - Industrial and commercial fan and blower and air purification equipment manufacturing,0.0,9668867.88,6795612.49,16464480.37,0.0,9862690.31,6716079.82,16578770.13,114289.76000000164,0.6941595327129152
"286 - Scales, balances, and miscellaneous general purpose machinery manufacturing",0.0,7500448.82,3047659.43,10548108.25,0.0,7650803.06,3011986.49,10662789.54,114681.2899999991,1.087221398206632
157 - Synthetic rubber manufacturing,0.0,24784884.83,32316021.58,57100906.41,0.0,25281723.42,31937045.15,57218768.57,117862.16000000387,0.2064103136187044
134 - Prefabricated wood building manufacturing,0.0,15537556.25,16531796.76,32069353.01,0.0,15849022.59,16338720.27,32187742.85,118389.83999999985,0.3691681586562817
211 - Alumina refining and primary aluminum production,0.0,21843446.2,27260095.63,49103541.84,0.0,22281320.62,26941332.08,49222652.7,119110.8599999994,0.24257081166998645
311 - Lighting fixture manufacturing,0.0,32951569.56,46215702.94,79167272.5,0.0,33612117.76,45675185.24,79287303.0,120030.5,0.15161631342042256
173 - Printing ink manufacturing,0.0,24911434.29,32504946.55,57416380.85,0.0,25410809.69,32126274.72,57537084.42,120703.5700000003,0.21022497101539322
39 - Electric power generation - Geothermal,0.0,13458085.38,11923863.15,25381948.53,0.0,13727866.58,11783036.35,25510902.94,128954.41000000015,0.5080555964707889
"115 - Rope, cordage, twine, tire cord and tire fabric mills",0.0,16298747.04,16998912.16,33297659.2,0.0,16625472.24,16803886.91,33429359.16,131699.9600000009,0.39552317839808054
197 - Concrete block and brick manufacturing,0.0,19756470.95,22401182.27,42157653.23,0.0,20152509.8,22139736.75,42292246.54,134593.31000000238,0.3192618651368
178 - Plastics packaging materials and unlaminated film and sheet manufacturing,0.0,196864286.57,324060590.0,520924876.57,0.0,200810634.29,320253717.52,521064351.81,139475.24000000954,0.026774540106123602
368 - Sign manufacturing,0.0,28784300.44,36119035.78,64903336.23,0.0,29361311.44,35698131.88,65059443.32,156107.09000000358,0.240522443171183
198 - Concrete pipe manufacturing,0.0,16116539.09,13884006.47,30000545.56,0.0,16439611.74,13720340.03,30159951.77,159406.2100000009,0.5313443706588411
200 - Lime manufacturing,0.0,18873854.08,18488365.0,37362219.08,0.0,19252199.95,18270686.12,37522886.07,160666.9900000021,0.43002528745945706
270 - Turbine and turbine generator set units manufacturing,0.0,9588430.87,2628086.69,12216517.56,0.0,9780640.86,2597440.35,12378081.21,161563.65000000037,1.3225016802578915
245 - Plumbing fixture fitting and trim manufacturing,0.0,26620421.7,31983385.63,58603807.33,0.0,27154055.52,31611556.49,58765612.0,161804.6700000018,0.2760992457177301
218 - Secondary processing of other nonferrous metals,0.0,18095798.44,16987059.98,35082858.42,0.0,18458547.39,16788307.53,35246854.92,163996.5,0.46745478386250605
24 - Gold ore and silver ore mining,0.0,36914734.81,48070657.03,84985391.84,0.0,37654728.75,47511721.33,85166450.08,181058.23999999464,0.21304630840658914
204 - Ground or treated mineral and earth manufacturing,0.0,20198916.51,18785169.53,38984086.04,0.0,20603824.63,18565635.02,39169459.65,185373.6099999994,0.47551098109570916
32 - Metal mining services,0.0,10932139.7,2864081.79,13796221.49,0.0,11151285.72,2830605.09,13981890.81,185669.3200000003,1.3457983414848778
316 - Switchgear and switchboard apparatus manufacturing,0.0,15121038.84,9972173.82,25093212.66,0.0,15424155.66,9855745.52,25279901.18,186688.51999999955,0.7439801452668976
319 - Fiber optic cable manufacturing,0.0,26180986.95,27787617.98,53968604.93,0.0,26705811.84,27462611.4,54168423.25,199818.3200000003,0.3702491851682561
179 - Unlaminated plastics profile shape manufacturing,0.0,56820871.44,79694032.31,136514903.75,0.0,57959904.43,78761401.73,136721306.16,206402.40999999642,0.15119404865712066
212 - Secondary smelting and alloying of aluminum,0.0,36782804.14,45249894.04,82032698.18,0.0,37520153.4,44720813.67,82240967.07,208268.8899999857,0.2538852123856664
326 - Motor vehicle body manufacturing,0.0,17132634.86,11235601.19,28368236.05,0.0,17476076.2,11105882.49,28581958.69,213722.6400000006,0.7533871320843039
23 - Iron ore mining,0.0,16806082.03,10548866.37,27354948.4,0.0,17142977.28,10425873.51,27568850.79,213902.3900000006,0.7819513561941158
202 - Abrasive product manufacturing,0.0,16421565.14,9776471.76,26198036.89,0.0,16750752.35,9662581.21,26413333.56,215296.66999999806,0.8218045913286676
"266 - Special tool, die, jig, and fixture manufacturing",0.0,13890617.05,4792630.18,18683247.23,0.0,14169068.8,4736775.49,18905844.29,222597.05999999866,1.1914259724753353
"417 - Satellite, telecommunications resellers, and all other telecommunications",0.0,327624385.19,535569173.85,863193559.04,0.0,334191953.98,529227530.28,863419484.26,225925.2200000286,0.026173181858688933
176 - Photographic film and chemical manufacturing,0.0,27298553.95,27520597.18,54819151.13,0.0,27845781.62,27200698.86,55046480.48,227329.34999999404,0.41468965738067975
27 - Sand and gravel mining,0.0,26074899.57,24658413.21,50733312.79,0.0,26597597.83,24370148.38,50967746.22,234433.4299999997,0.46208973376209067
25 - Other metal ore mining,0.0,25913773.58,23355050.64,49268824.22,0.0,26433241.91,23079632.51,49512874.42,244050.20000000298,0.495344071760767
116 - Other textile product mills,0.0,39246043.06,46602123.97,85848167.02,0.0,40032770.48,46060600.25,86093370.73,245203.71000000834,0.2856248636536216
267 - Cutting tool and machine tool accessory manufacturing,0.0,15622015.89,5739432.9,21361448.79,0.0,15935175.31,5672380.47,21607555.78,246106.9900000021,1.152108138448048
512 - State government electric utilities,0.0,26446764.26,23407723.16,49854487.42,0.0,26976916.93,23131249.3,50108166.22,253678.79999999702,0.5088384479071574
342 - Railroad rolling stock manufacturing,0.0,13504092.65,1373630.56,14877723.21,0.0,13774796.12,1357635.72,15132431.84,254708.62999999896,1.7120135010227748
317 - Relay and industrial control manufacturing,0.0,25399782.3,21296046.54,46695828.83,0.0,25908947.14,21046093.07,46955040.21,259211.38000000268,0.5551060694172129
284 - Fluid power cylinder and actuator manufacturing,0.0,18537678.54,9471140.54,28008819.08,0.0,18909285.43,9361673.61,28270959.03,262139.95000000298,0.9359193233076608
128 - Reconstituted wood product manufacturing,0.0,33944845.18,36046293.81,69991138.99,0.0,34625304.62,35629433.79,70254738.41,263599.4200000018,0.37661827454710184
"222 - Metal crown, closure, and other metal stamping (except automotive)",0.0,56774927.74,71442393.63,128217321.38,0.0,57913039.74,70607131.82,128520171.56,302850.18000000715,0.2362006761180454
"217 - Nonferrous metal, except copper and aluminum, shaping",0.0,25464854.11,17042959.06,42507813.17,0.0,25975323.38,16843510.49,42818833.86,311020.6899999976,0.7316788769070371
251 - Other fabricated metal manufacturing,0.0,93390401.4,133232083.03,226622484.44,0.0,95262508.35,131673063.36,226935571.7,313087.25999999046,0.13815366148405397
298 - Electronic connector manufacturing,0.0,36173492.74,35375027.63,71548520.37,0.0,36898627.72,34963388.53,71862016.25,313495.87999999523,0.43815843902684354
187 - Rubber and plastics hoses and belting manufacturing,0.0,31591036.37,27248895.46,58839931.83,0.0,32224311.29,26929190.42,59153501.7,313569.87000000477,0.5329201789457695
322 - Carbon and graphite product manufacturing,0.0,30107031.62,24901815.23,55008846.85,0.0,30710558.12,24611906.55,55322464.67,313617.8200000003,0.570122512939026
126 - Veneer and plywood manufacturing,0.0,35142517.26,33382650.17,68525167.43,0.0,35846985.28,32996231.07,68843216.35,318048.9199999869,0.4641344661067497
127 - Engineered wood member and truss manufacturing,0.0,42667776.38,45792874.67,88460651.06,0.0,43523095.98,45263391.54,88786487.52,325836.45999999344,0.3683405628328341
334 - Motor vehicle metal stamping,0.0,66235355.14,86173083.66,152408438.8,0.0,67563111.16,85180331.05,152743442.21,335003.4099999964,0.21980633922745516
256 - Oil and gas field machinery and equipment manufacturing,0.0,20089894.58,5727037.21,25816931.79,0.0,20492617.24,5659679.6,26152296.84,335365.05000000075,1.2990120310497237
"181 - Laminated plastics plate, sheet (except packaging), and shape manufacturing",0.0,49486441.65,55380424.06,104866865.71,0.0,50478448.42,54733468.08,105211916.5,345050.79000000656,0.32903700102395916
232 - Ornamental and architectural metal work manufacturing,0.0,47807336.55,52363614.82,100170951.37,0.0,48765683.93,51750987.21,100516671.14,345719.7699999958,0.34512976593684896
250 - Fabricated pipe and pipe fitting manufacturing,0.0,25252658.18,13038534.19,38291192.37,0.0,25758873.76,12886493.03,38645366.79,354174.4200000018,0.9249500944699932
221 - Custom roll forming,0.0,25012675.12,11532662.66,36545337.78,0.0,25514080.0,11398305.09,36912385.09,367047.3100000024,1.0043615199552887
40 - Electric power generation - Biomass,0.0,40136000.06,35560494.58,75696494.64,0.0,40940567.59,35140507.32,76081074.9,384580.26000000536,0.5080555735493505
272 - Mechanical power transmission equipment manufacturing,0.0,25324427.48,10237183.18,35561610.66,0.0,25832081.76,10117850.1,35949931.86,388321.200000003,1.0919674131542922
205 - Mineral wool manufacturing,0.0,28719617.57,15934661.42,44654278.99,0.0,29295331.93,15748912.97,45044244.9,389965.9099999964,0.8733002050874596
303 - Industrial process variable instruments manufacturing,0.0,28064865.2,14182238.45,42247103.66,0.0,28627454.38,14016215.0,42643669.38,396565.72000000626,0.9386814376472365
"131 - Other millwork, including flooring",0.0,47477885.82,46429080.1,93906965.92,0.0,48429629.02,45890088.47,94319717.49,412751.56999999285,0.4395324308013729
"271 - Speed changer, industrial high-speed drive, and gear manufacturing",0.0,29434610.2,12603250.73,42037860.92,0.0,30024657.32,12456227.35,42480884.68,443023.7599999979,1.0538684659599893
"130 - Cut stock, resawing lumber, and planing",0.0,36147985.98,23170642.04,59318628.02,0.0,36872609.65,22900899.1,59773508.75,454880.7299999967,0.7668429719018924
299 - Other electronic component manufacturing,0.0,72108040.67,83513902.53,155621943.2,0.0,73553520.73,82538707.89,156092228.62,470285.4200000167,0.30219737032561145
201 - Gypsum product manufacturing,0.0,49944690.05,44549302.76,94493992.82,0.0,50945882.89,44029914.92,94975797.81,481804.99000000954,0.5098789622720163
246 - Ball and roller bearing manufacturing,0.0,36820881.49,19838654.0,56659535.49,0.0,37558994.04,19606088.39,57165082.43,505546.9399999976,0.8922539438912679
224 - Nonferrous forging,0.0,33108427.26,13075468.48,46183895.73,0.0,33772119.84,12923451.91,46695571.75,511676.0200000033,1.1079100450757997
199 - Other concrete product manufacturing,0.0,59950551.07,58800904.21,118751455.28,0.0,61152321.72,58111082.88,119263404.59,511949.3100000024,0.43110992517345964
"279 - Industrial truck, trailer, and stacker manufacturing",0.0,31004893.93,7612922.84,38617816.76,0.0,31626419.01,7523615.48,39150034.5,532217.7400000021,1.378166309368552
148 - Asphalt shingle and coating materials manufacturing,0.0,60555506.11,57781890.1,118337396.21,0.0,61769403.7,57107457.77,118876861.47,539465.2600000054,0.4558704832770508
333 - Motor vehicle seating and interior trim manufacturing,0.0,69715261.19,73965710.66,143680971.85,0.0,71112775.52,73114344.75,144227120.27,546148.4200000167,0.3801118637826201
320 - Other communication and energy wire manufacturing,0.0,41681851.31,24382507.43,66064358.74,0.0,42517407.02,24096377.46,66613784.48,549425.7399999946,0.8316522713287666
230 - Metal window and door manufacturing,0.0,66428879.21,66774837.35,133203716.56,0.0,67760514.62,65994686.96,133755201.58,551485.0199999958,0.414016240869365
285 - Fluid power pump and motor manufacturing,0.0,35726239.75,13437600.3,49163840.04,0.0,36442409.08,13281713.72,49724122.8,560282.7599999979,1.1396236737084582
337 - Aircraft manufacturing,0.0,33172506.37,9216935.65,42389442.02,0.0,33837483.48,9114209.86,42951693.34,562251.3200000003,1.32639471813458
147 - Asphalt paving mixture and block manufacturing,0.0,54957410.52,45902555.74,100859966.26,0.0,56059088.51,45366184.66,101425273.17,565306.9099999964,0.5604869116679362
16 - Commercial logging,0.0,50558511.55,34946847.29,85505358.85,0.0,51572009.08,34539229.56,86111238.63,605879.7800000012,0.7085869098133154
188 - Other rubber product manufacturing,0.0,72457929.8,69970919.24,142428849.05,0.0,73910423.76,69157855.18,143068278.93,639429.8799999952,0.4489468841916442
210 - Steel wire drawing,0.0,49072723.96,27049719.64,76122443.6,0.0,50056437.34,26731503.3,76787940.64,665497.0400000066,0.8742455030700126
294 - Printed circuit assembly (electronic assembly) manufacturing,0.0,89450531.7,95233810.74,184684342.44,0.0,91243659.89,94119497.08,185363156.97,678814.5300000012,0.36755391444216967
338 - Aircraft engine and engine parts manufacturing,0.0,39366055.1,6257743.6,45623798.7,0.0,40155188.29,6186530.42,46341718.7,717920.0,1.573564719414738
261 - Commercial and service industry machinery manufacturing,0.0,50315366.15,24020146.72,74335512.87,0.0,51323989.57,23741828.48,75065818.05,730305.1799999923,0.9824445299478463
141 - Stationery product manufacturing,0.0,59581320.51,39060753.57,98642074.09,0.0,60775689.55,38608851.81,99384541.36,742467.2699999958,0.7526882183383293
292 - Other communications equipment manufacturing,0.0,54066533.59,26825692.59,80892226.18,0.0,55150353.03,26513321.89,81663674.92,771448.7399999946,0.9536747552025333
154 - Other basic inorganic chemical manufacturing,0.0,161960158.49,210298734.34,372258892.83,0.0,165206816.96,207833324.04,373040141.0,781248.1700000167,0.20986689238255227
237 - Hardware manufacturing,0.0,67031154.84,48122668.13,115153822.97,0.0,68374863.49,47566469.34,115941332.82,787509.849999994,0.6838764269295314
26 - Stone mining and quarrying,0.0,70740777.35,52499060.48,123239837.83,0.0,72158849.21,51883468.94,124042318.15,802480.3200000077,0.6511533398047541
31 - Support activities for oil and gas operations,0.0,46158065.9,9775339.55,55933405.46,0.0,47083351.95,9660151.92,56743503.88,810098.4200000018,1.4483266544164426
"274 - Measuring, dispensing, and other pumping equipment manufacturing",0.0,56874335.52,28499032.84,85373368.36,0.0,58014440.25,28170323.82,86184764.07,811395.7099999934,0.9504084535806565
413 - Radio and television broadcasting,0.0,786002813.66,1278526617.62,2064529431.28,0.0,801759050.93,1263647572.72,2065406623.65,877192.370000124,0.042488731655245436
321 - Wiring device manufacturing,0.0,75217345.1,48621684.73,123839029.83,0.0,76725154.38,48054622.15,124779776.53,940746.700000003,0.7596528342408793
510 - Other federal government enterprises,0.0,96679457.3,86278948.88,182958406.18,0.0,98617496.75,85285395.33,183902892.08,944485.900000006,0.5162298468378612
129 - Wood windows and door manufacturing,0.0,104735563.04,96880946.25,201616509.29,0.0,106835095.45,95756674.68,202591770.13,975260.8400000036,0.48372072477319483
315 - Motor and generator manufacturing,0.0,67395617.45,20847890.02,88243507.47,0.0,68746632.13,20604827.04,89351459.16,1107951.6899999976,1.2555617084652557
195 - Cement manufacturing,0.0,80951677.29,38134002.39,119085679.68,0.0,82574437.17,37688118.2,120262555.37,1176875.6899999976,0.9882596237955967
125 - Wood preservation,0.0,88532832.81,45577016.25,134109849.06,0.0,90307564.77,45045687.24,135353252.02,1243402.9600000083,0.927152605655172
231 - Sheet metal work manufacturing,0.0,112439370.14,86235969.24,198675339.38,0.0,114693333.31,85231881.34,199925214.65,1249875.2700000107,0.6291043840168881
196 - Ready-mix concrete manufacturing,0.0,132849525.6,116809731.65,249659257.25,0.0,135512631.39,115445615.66,250958247.06,1298989.8100000024,0.5203050847416564
34 - Electric power generation - Hydroelectric,0.0,137770794.16,122064918.58,259835712.75,0.0,140532551.86,120623270.71,261155822.57,1320109.8199999928,0.5080555732806952
150 - All other petroleum and coal products manufacturing,0.0,95950393.82,50816145.06,146766538.89,0.0,97873818.45,50213901.15,148087719.61,1321180.7200000286,0.9001920533059923
223 - Iron and steel forging,0.0,85186594.34,32505855.91,117692450.25,0.0,86894247.5,32127853.32,119022100.83,1329650.5799999982,1.1297670982085772
180 - Plastics pipe and pipe fitting manufacturing,0.0,152930193.11,143195071.31,296125264.42,0.0,155995836.6,141514487.47,297510324.07,1385059.6499999762,0.4677276194967006
440 - Specialized design services,0.0,416888669.93,607116407.55,1024005077.49,0.0,425245633.4,600158848.39,1025404481.79,1399404.2999999523,0.1366598985456318
"208 - Iron, steel pipe and tube manufacturing from purchased steel",0.0,107821152.23,63589594.74,171410746.97,0.0,109982538.46,62849306.17,172831844.63,1421097.6599999964,0.8290598373325532
209 - Rolled steel shape manufacturing,0.0,124993188.28,73532554.18,198525742.45,0.0,127498805.68,72676294.54,200175100.22,1649357.7700000107,0.8308029727758919
238 - Spring and wire product manufacturing,0.0,120023140.1,62967264.3,182990404.4,0.0,122429127.76,62229765.39,184658893.16,1668488.7599999905,0.9117903015028205
177 - Other miscellaneous chemical product manufacturing,0.0,179362309.6,161880055.37,341242364.98,0.0,182957812.13,159982155.24,342939967.37,1697602.3899999857,0.4974770322259022
37 - Electric power generation - Solar,0.0,187606501.68,166219353.62,353825855.3,0.0,191367267.55,164256219.73,355623487.28,1797631.9799999595,0.5080555739703625
509 - Federal electric utilities,0.0,188985870.2,167202875.54,356188745.74,0.0,192774286.93,165227982.12,358002269.05,1813523.3100000024,0.5091467183311243
152 - Industrial gas manufacturing,0.0,239711252.5,251393057.0,491104309.5,0.0,244516511.85,248450035.65,492966547.51,1862238.0099999905,0.3791939866901108
139 - Paperboard container manufacturing,0.0,595867404.9,844877541.93,1440744946.82,0.0,607812181.75,834931990.43,1442744172.18,1999225.3600001335,0.13876330882942237
138 - Paperboard mills,0.0,257043057.54,266799061.54,523842119.07,0.0,262195750.8,263671215.69,525866966.49,2024847.4200000167,0.3865377269767497
167 - Paint and coating manufacturing,0.0,213464276.92,190621772.99,404086049.91,0.0,217743388.57,188409472.23,406152860.8,2066810.8899999857,0.5114779118111886
175 - Custom compounding of purchased resins,0.0,151582225.13,70517874.97,222100100.1,0.0,154620847.21,69689175.01,224310022.22,2209922.120000005,0.9950117622662004
339 - Other aircraft parts and auxiliary equipment manufacturing,0.0,122431682.68,6836582.7,129268265.38,0.0,124885952.07,6757749.73,131643701.8,2375436.420000002,1.8376021469903026
21 - Coal mining,0.0,275563842.97,251975904.37,527539747.34,0.0,281087804.48,249006560.18,530094364.66,2554617.3200000525,0.48425115507999794
"216 - Copper rolling, drawing, extruding and alloying",0.0,204199213.0,126252270.82,330451483.82,0.0,208292596.88,124779541.51,333072138.39,2620654.569999993,0.7930527470191321
229 - Plate work manufacturing,0.0,179561209.77,78335736.75,257896946.52,0.0,183160699.46,77413005.95,260573705.41,2676758.8899999857,1.0379180235049437
156 - Plastics material and resin manufacturing,0.0,450960350.32,522966473.84,973926824.16,0.0,460000315.77,516831519.19,976831834.95,2905010.790000081,0.298278137323676
149 - Petroleum lubricating oil and grease manufacturing,0.0,239026715.02,152166726.59,391193441.62,0.0,243818252.12,150366216.28,394184468.4,2991026.7799999714,0.7645902159334803
206 - Miscellaneous nonmetallic mineral products manufacturing,0.0,155169575.04,9578442.03,164748017.07,0.0,158280109.25,9466419.81,167746529.06,2998511.9900000095,1.8200595329326288
186 - Tire manufacturing,0.0,285532888.09,197130761.51,482663649.6,0.0,291256689.4,194825835.15,486082524.55,3418874.949999988,0.7083348731219613
241 - Metal heat treating,0.0,194216649.58,36804894.92,231021544.51,0.0,198109922.69,36373189.76,234483112.45,3461567.9399999976,1.4983745119278953
445 - Environmental and other technical consulting services,0.0,621155387.24,777094583.75,1398249970.99,0.0,633607087.78,768143969.43,1401751057.21,3501086.2200000286,0.25039058055700597
"443 - Other computer related services, including facilities management",0.0,442553024.87,459267423.24,901820448.11,0.0,451424456.8,453928379.59,905352836.39,3532388.2799999714,0.39169529670823194
38 - Electric power generation - Wind,0.0,388428574.9,344147703.13,732576278.04,0.0,396215026.4,340083146.25,736298172.65,3721894.6100000143,0.5080555734015718
124 - Sawmills,0.0,278738260.37,153896895.43,432635155.8,0.0,284325856.35,152103699.75,436429556.11,3794400.3100000024,0.8770439154404017
459 - Landscape and horticultural services,0.0,1015049445.74,1412709205.1,2427758650.83,0.0,1035397159.04,1396388777.22,2431785936.26,4027285.430000305,0.1658849172928891
219 - Ferrous metal foundries,0.0,243883376.0,63969902.36,307853278.37,0.0,248772269.87,63225255.94,311997525.81,4144247.4399999976,1.346176159611705
"240 - Turned product and screw, nut, and bolt manufacturing",0.0,255426587.71,82821102.62,338247690.34,0.0,260546877.17,81855562.68,342402439.85,4154749.51000005,1.2283157072924216
220 - Nonferrous metal foundries,0.0,239113596.08,50937357.0,290050953.08,0.0,243906874.79,50344257.85,294251132.64,4200179.560000002,1.4480833506661623
331 - Motor vehicle electrical and electronic equipment manufacturing,0.0,326449865.59,182470238.0,508920103.6,0.0,332993889.93,180332482.99,513326372.92,4406269.319999993,0.8658076756706832
420 - Internet publishing and broadcasting and web search portals,0.0,2747516516.21,4353434851.93,7100951368.14,0.0,2802593319.22,4302786870.09,7105380189.31,4428821.170000076,0.06236940573725049
228 - Fabricated structural metal manufacturing,0.0,315164369.99,155997192.33,471161562.33,0.0,321482164.93,154191277.43,475673442.35,4511880.0200000405,0.9576078315233905
144 - Printing,0.0,770278187.0,894883847.78,1665162034.78,0.0,785719207.9,884496048.45,1670215256.35,5053221.569999933,0.30346725810786107
"244 - Valve and fittings, other than plumbing, manufacturing",0.0,309019589.15,75613697.0,384633286.15,0.0,315214205.61,74727151.21,389941356.82,5308070.670000017,1.380034141904704
513 - Other state government enterprises,0.0,455316759.39,311562862.97,766879622.36,0.0,464444053.55,307866507.84,772310561.4,5430939.039999962,0.7081866412471305
"243 - Electroplating, anodizing, and coloring metal",0.0,306660807.99,57024247.62,363685055.61,0.0,312808140.25,56354741.03,369162881.28,5477825.669999957,1.5062003746104262
36 - Electric power generation - Nuclear,0.0,600493896.16,532037570.0,1132531466.17,0.0,612531415.8,525753939.61,1138285355.41,5753889.24000001,0.5080555738957556
444 - Management consulting services,0.0,1593378098.1,2190436041.7,3783814139.8,0.0,1625319005.86,2165128171.81,3790447177.67,6633037.869999886,0.17530030876068575
132 - Wood container and pallet manufacturing,0.0,424171301.67,122543494.56,546714796.24,0.0,432674253.01,121102805.38,553777058.38,7062262.139999986,1.291763491416419
453 - Facilities support services,0.0,474377284.76,194346095.64,668723380.4,0.0,483886666.82,192093894.28,675980561.1,7257180.700000048,1.085229096619761
332 - Motor vehicle transmission and power train parts manufacturing,0.0,505393092.92,236625038.52,742018131.44,0.0,515524218.85,233869077.82,749393296.67,7375165.2299999,0.9939332905096618
515 - Local government electric utilities,0.0,782357896.32,692338518.07,1474696414.39,0.0,798041067.46,684161070.2,1482202137.66,7505723.269999981,0.5089673506193939
460 - Other support services,0.0,861707182.58,793052634.34,1654759816.91,0.0,878980992.02,783820083.96,1662801075.98,8041259.069999933,0.4859472044115563
207 - Iron and steel mills and ferroalloy manufacturing,0.0,689625344.31,408896980.26,1098522324.57,0.0,703449595.78,404132711.69,1107582307.47,9059982.900000095,0.8247427200486334
455 - Business support services,0.0,959773635.69,871035417.02,1830809052.71,0.0,979013288.35,860888909.79,1839902198.14,9093145.430000067,0.49667361085746276
"447 - Advertising, public relations, and related services",0.0,1744271971.15,2171113672.29,3915385643.44,0.0,1779237702.26,2145811746.3,3925049448.57,9663805.130000114,0.24681617623518787
"439 - Architectural, engineering, and related services",0.0,1156471818.55,1054800863.18,2211272681.73,0.0,1179654489.21,1042500652.1,2222155141.32,10882459.590000153,0.49213557784679035
155 - Other basic organic chemical manufacturing,0.0,988838746.28,755778785.8,1744617532.09,0.0,1008661039.08,746906162.23,1755567201.31,10949669.220000029,0.627625770038127
185 - Other plastics product manufacturing,0.0,1071064550.39,883182489.32,1954247039.71,0.0,1092535144.25,872790242.83,1965325387.08,11078347.369999886,0.5668857183810219
458 - Services to buildings,0.0,1452953569.41,1540910470.53,2993864039.95,0.0,1482079522.63,1523049570.99,3005129093.62,11265053.670000076,0.37627138439420293
43 - Natural gas distribution,0.0,1325534429.32,1234237137.33,2559771566.65,0.0,1352106134.43,1219703386.54,2571809520.97,12037954.319999695,0.4702745540592863
442 - Computer systems design services,0.0,1295144644.15,1130149811.9,2425294456.04,0.0,1321107154.66,1117004770.75,2438111925.41,12817469.369999886,0.5284912657957475
242 - Metal coating and nonprecious engraving,0.0,714639923.92,126359199.42,840999123.34,0.0,728965618.44,124875977.48,853841595.92,12842472.579999924,1.5270494610025835
384 - Wholesale - Wholesale electronic markets and agents and brokers,0.0,928723490.88,431077283.43,1359800774.31,0.0,947340711.36,426035642.78,1373376354.14,13575579.830000162,0.998350647129818
496 - Electronic and precision equipment repair and maintenance,0.0,1057237891.74,647536353.23,1704774244.97,0.0,1078431315.97,640017023.97,1718448339.94,13674094.970000029,0.8021059099376915
273 - Other engine equipment manufacturing,0.0,752745478.2,104664774.01,857410252.21,0.0,767835037.88,103463486.52,871298524.39,13888272.179999948,1.6197931088650408
239 - Machine shops,0.0,1022696528.68,268485050.42,1291181579.1,0.0,1043197535.65,265346942.32,1308544477.97,17362898.870000124,1.3447294440261988
"336 - Motor vehicle steering, suspension component (except spring), and brake systems manufacturing",0.0,988279077.73,131601407.61,1119880485.34,0.0,1008090151.39,130065253.22,1138155404.61,18274919.26999998,1.631863355887628
35 - Electric power generation - Fossil fuel,0.0,1977401688.23,1751977823.34,3729379511.56,0.0,2017040745.03,1731286087.02,3748326832.04,18947320.48000002,0.5080555738902087
"450 - All other miscellaneous professional, scientific, and technical services",0.0,1662789213.81,1215036457.17,2877825670.98,0.0,1696121539.0,1200982349.09,2897103888.09,19278217.110000134,0.6698882876889214
461 - Waste management and remediation services,0.0,1830980968.66,1442850930.47,3273831899.12,0.0,1867684871.08,1425935453.96,3293620325.05,19788425.930000305,0.6044423336249916
421 - Nondepository credit intermediation and related activities,0.0,3523767055.33,4351288255.64,7875055310.98,0.0,3594404601.21,4300951207.92,7895355809.13,20300498.150000572,0.25778229292810273
441 - Custom computer programming services,0.0,1651324107.76,862174276.69,2513498384.45,0.0,1684426603.07,852104991.68,2536531594.75,23033210.30000019,0.9163805492176708
497 - Commercial and industrial machinery and equipment repair and maintenance,0.0,1598516555.95,729845957.8,2328362513.75,0.0,1630560469.41,721352057.14,2351912526.55,23550012.80000019,1.0114409874290216
498 - Personal and household goods repair and maintenance,0.0,1893501564.67,1050230568.45,2943732133.13,0.0,1931458756.94,1038058389.47,2969517146.41,25785013.279999733,0.8759293343916841
457 - Investigation and security services,0.0,1813890591.41,805241421.47,2619132012.87,0.0,1850251899.59,795887718.37,2646139617.96,27007605.090000153,1.0311662397041867
"378 - Wholesale - Machinery, equipment, and supplies",0.0,2025896143.51,1120887795.31,3146783938.82,0.0,2066507321.7,1107777249.87,3174284571.57,27500632.75,0.8739282163843873
452 - Office administrative services,0.0,2220870391.51,860412771.36,3081283162.87,0.0,2265390029.64,850429269.47,3115819299.12,34536136.25,1.1208361719612945
335 - Other motor vehicle parts manufacturing,0.0,2086375353.75,402658425.37,2489033779.11,0.0,2128198900.1,397952694.61,2526151594.71,37117815.599999905,1.49125399227294
330 - Motor vehicle gasoline engine and engine parts manufacturing,0.0,2012407134.51,212184926.62,2224592061.13,0.0,2052747911.59,209716378.39,2262464289.98,37872228.849999905,1.7024347749745359
"438 - Accounting, tax preparation, bookkeeping, and payroll services",0.0,3443420646.17,2620328095.78,6063748741.95,0.0,3512447565.39,2590116633.97,6102564199.36,38815457.40999985,0.6401231162740666
401 - Pipeline transportation,0.0,2248715757.7,530081099.77,2778796857.47,0.0,2293793584.92,523849293.86,2817642878.78,38846021.31000042,1.3979439053118983
433 - General and consumer goods rental except video tapes and discs,0.0,2335131221.91,501468190.0,2836599411.91,0.0,2381941336.26,495646516.41,2877587852.67,40988440.76000023,1.4449851673769125
396 - Air transportation,0.0,4446693777.51,3811191833.4,8257885610.91,0.0,4535832341.65,3768391739.47,8304224081.12,46338470.21000004,0.5611420694515245
432 - Automotive equipment rental and leasing,0.0,3141261457.47,1332793622.33,4474055079.8,0.0,3204231284.03,1317513749.06,4521745033.09,47689953.28999996,1.0659223554335815
55 - Maintenance and repair construction of nonresidential structures,0.0,3583529213.87,2025172243.15,5608701457.02,0.0,3655364753.86,2001448228.8,5656812982.67,48111525.64999962,0.8578015075090502
151 - Petrochemical manufacturing,0.0,3322822986.16,1214189286.34,4537012272.49,0.0,3389432400.86,1199921456.54,4589353857.41,52341584.92000008,1.1536575564798728
42 - Electric power transmission and distribution,0.0,5618538847.44,4978903798.35,10597442645.79,0.0,5731168254.93,4920101030.3,10651269285.23,53826639.43999863,0.5079210262240211
436 - Lessors of nonfinancial intangible assets,0.0,4406109468.53,2377743150.06,6783852618.59,0.0,4494434478.33,2350131168.18,6844565646.51,60713027.92000008,0.8949638403644898
375 - Wholesale - Motor vehicle and motor vehicle parts and supplies,0.0,4344693400.28,1308099678.09,5652793078.37,0.0,4431787261.64,1292812270.97,5724599532.6,71806454.2300005,1.270282729873178
516 - Other local government enterprises,0.0,6069225470.92,4165852410.09,10235077881.02,0.0,6190889356.72,4116427127.72,10307316484.45,72238603.4300003,0.7057943698109036
508 - Postal service,0.0,4493283112.96,841591590.12,5334874703.08,0.0,4583355608.4,831783084.39,5415138692.79,80263989.71000004,1.5045149919577487
"494 - Automotive repair and maintenance, except car washes",0.0,6829092681.91,3714239451.5,10543332133.41,0.0,6965988889.87,3670697961.38,10636686851.25,93354717.84000015,0.8854384615673366
397 - Rail transportation,0.0,5980523352.55,632177988.16,6612701340.71,0.0,6100409112.89,624780943.57,6725190056.46,112488715.75,1.7011008051653846
435 - Commercial and industrial machinery and equipment rental and leasing,0.0,7301262820.26,1159586522.76,8460849343.02,0.0,7447624165.75,1146165693.81,8593789859.56,132940516.53999901,1.5712431595259615
"427 - Insurance agencies, brokerages, and related activities",0.0,11261368947.63,6896037884.34,18157406831.96,0.0,11487114705.83,6815558691.98,18302673397.81,145266565.8500023,0.8000402656303841
451 - Management of companies and enterprises,0.0,12252898345.33,8102710482.95,20355608828.28,0.0,12498520333.21,8008335485.53,20506855818.74,151246990.4600029,0.7430236635805056
391 - Retail - Gasoline stores,0.0,8635883168.44,1861527959.57,10497411128.01,0.0,8808998355.65,1839698266.7,10648696622.35,151285494.34000015,1.441169565478183
429 - Other real estate,0.0,17298367472.19,15246466588.67,32544834060.86,0.0,17645131093.82,15069506595.77,32714637689.59,169803628.72999954,0.5217529406125122
20 - Oil and gas extraction,0.0,11651333094.76,2449007342.95,14100340437.71,0.0,11884896086.59,2420147733.63,14305043820.22,204703382.51000023,1.451761986983951
404 - Warehousing and storage,0.0,12538118479.53,1795199615.01,14333318094.54,0.0,12789457999.24,1774185069.86,14563643069.1,230324974.55999947,1.6069201355946832
454 - Employment services,0.0,14271858759.87,4200116080.53,18471974840.4,0.0,14557952892.1,4151259586.84,18709212478.93,237237638.52999878,1.2843111826415932
382 - Wholesale - Petroleum and petroleum products,0.0,13302084035.52,2285156296.66,15587240332.17,0.0,13568738032.93,2258335386.97,15827073419.91,239833087.73999977,1.5386500921847983
"426 - Insurance carriers, except direct life",0.0,20830571980.73,9360117135.74,30190689116.46,0.0,21248142285.67,9250347837.18,30498490122.85,307801006.3899994,1.0195229569045707
399 - Truck transportation,517459714328.88,23388501637.02,4460255772.72,545308471738.62,517459714328.88,23857348280.78,4408073896.53,545725136506.19,416664767.5700073,0.0764090031907161
403 - Couriers and messengers,0.0,23656767467.99,1261018662.22,24917786130.2,0.0,24130991777.08,1246273022.35,25377264799.43,459478669.22999954,1.8439787019165317
146 - Petroleum refineries,0.0,27703598264.29,5219743440.74,32923341705.03,0.0,28258945471.56,5158246927.73,33417192399.29,493850694.26000214,1.5000017272990003
402 - Scenic and sightseeing transportation and support activities for transportation,0.0,27189686758.36,1047366881.78,28237053640.14,0.0,27734732079.33,1035259851.68,28769991931.01,532938290.86999893,1.887372165884927
